Date,Region,Type,Value,Lat,Lon
2026-09-27,CAN,sales_revenue,177.56,,
2026-09-27,CAN,sales_units,3.0,,
2026-09-27,US,sales_revenue,37632.41,,
2026-09-27,US,sales_units,563.0,,
2026-09-28,CAN,sales_revenue,276.71999999999997,,
2026-09-28,CAN,sales_units,4.0,,
2026-09-28,UK,sales_revenue,197.66,,
2026-09-28,UK,sales_units,1.0,,
2026-09-28,US,sales_revenue,34710.25,,
2026-09-28,US,sales_units,696.0,,
2026-09-29,CAN,sales_revenue,430.05,,
2026-09-29,CAN,sales_units,10.0,,
2026-09-29,US,sales_revenue,20086.9,,
2026-09-29,US,sales_units,811.0,,
2026-09-30,CAN,sales_revenue,174.48,,
2026-09-30,CAN,sales_units,2.0,,
2026-09-30,US,sales_revenue,20646.239999999998,,
2026-09-30,US,sales_units,487.0,,
2026-10-01,CAN,sales_revenue,383.19,,
2026-10-01,CAN,sales_units,6.0,,
2026-10-01,US,sales_revenue,28449.25,,
2026-10-01,US,sales_units,2932.0,,
2026-10-02,CAN,sales_revenue,263.92,,
2026-10-02,CAN,sales_units,4.0,,
2026-10-02,UK,sales_revenue,92.69,,
2026-10-02,UK,sales_units,1.0,,
2026-10-02,US,sales_revenue,21710.920000000002,,
2026-10-02,US,sales_units,934.0,,
2026-10-03,CAN,actual_action,Scale Umbrellas (Residual Demand),,
2026-10-03,CAN,sales_revenue,81.35,,
2026-10-03,CAN,sales_units,1.0,,
2026-10-03,CAN,suggested_strategy,Baseline,51.0501,-114.0853
2026-10-03,CAN,suggested_strategy,Baseline,53.5501,-113.4687
2026-10-03,CAN,suggested_strategy,Baseline,53.6334,-113.6353
2026-10-03,CAN,suggested_strategy,Baseline,52.8348,-110.8534
2026-10-03,CAN,suggested_strategy,Baseline,54.7502,-113.5688
2026-10-03,CAN,suggested_strategy,Baseline,49.2497,-123.1193
2026-10-03,CAN,suggested_strategy,Baseline,48.4359,-123.3516
2026-10-03,CAN,suggested_strategy,Baseline,49.1063,-122.8251
2026-10-03,CAN,suggested_strategy,Baseline,49.2664,-122.9526
2026-10-03,CAN,suggested_strategy,Baseline,49.3164,-123.0693
2026-10-03,CAN,suggested_strategy,Baseline,49.8753,-97.409
2026-10-03,CAN,suggested_strategy,Baseline,49.8844,-97.147
2026-10-03,CAN,suggested_strategy,Baseline,49.8469,-99.9531
2026-10-03,CAN,suggested_strategy,Baseline,49.5258,-96.6845
2026-10-03,CAN,suggested_strategy,Baseline,55.7435,-97.8558
2026-10-03,CAN,suggested_strategy,Baseline,46.0945,-64.7965
2026-10-03,CAN,suggested_strategy,Baseline,45.2708,-66.0562
2026-10-03,CAN,suggested_strategy,Baseline,45.9454,-66.6656
2026-10-03,CAN,suggested_strategy,Baseline,46.0784,-64.6873
2026-10-03,CAN,suggested_strategy,Baseline,47.029,-65.5019
2026-10-03,CAN,suggested_strategy,Baseline,47.5649,-52.7093
2026-10-03,CAN,suggested_strategy,Baseline,47.5166,-52.7814
2026-10-03,CAN,suggested_strategy,Baseline,48.95,-57.952
2026-10-03,CAN,suggested_strategy,Baseline,44.6427,-63.5769
2026-10-03,CAN,suggested_strategy,Baseline,44.6713,-63.5772
2026-10-03,CAN,suggested_strategy,Baseline,46.1351,-60.1831
2026-10-03,CAN,suggested_strategy,Baseline,45.3668,-63.2654
2026-10-03,CAN,suggested_strategy,Baseline,45.5834,-62.6486
2026-10-03,CAN,suggested_strategy,Baseline,62.4541,-114.3725
2026-10-03,CAN,suggested_strategy,Baseline,60.8156,-115.7999
2026-10-03,CAN,suggested_strategy,Baseline,68.3617,-133.7282
2026-10-03,CAN,suggested_strategy,Baseline,60.0044,-111.8887
2026-10-03,CAN,suggested_strategy,Baseline,62.8025,-116.0464
2026-10-03,CAN,suggested_strategy,Baseline,63.747,-68.5173
2026-10-03,CAN,suggested_strategy,Baseline,62.8091,-92.0853
2026-10-03,CAN,suggested_strategy,Baseline,61.1088,-94.0585
2026-10-03,CAN,suggested_strategy,Baseline,64.3201,-96.0212
2026-10-03,CAN,suggested_strategy,Baseline,69.1149,-105.0548
2026-10-03,CAN,suggested_strategy,Scale Umbrellas (Residual Demand),43.7064,-79.3986
2026-10-03,CAN,suggested_strategy,Baseline,45.4112,-75.6981
2026-10-03,CAN,suggested_strategy,Scale Umbrellas (Residual Demand),44.2298,-76.481
2026-10-03,CAN,suggested_strategy,Scale Umbrellas (Residual Demand),43.5459,-80.256
2026-10-03,CAN,suggested_strategy,Scale Umbrellas (Residual Demand),43.8668,-79.2663
2026-10-03,CAN,suggested_strategy,Baseline,46.2346,-63.1256
2026-10-03,CAN,suggested_strategy,Baseline,46.3912,-63.7887
2026-10-03,CAN,suggested_strategy,Baseline,46.2265,-63.2181
2026-10-03,CAN,suggested_strategy,Baseline,46.1668,-62.6487
2026-10-03,CAN,suggested_strategy,Baseline,45.5088,-73.5878
2026-10-03,CAN,suggested_strategy,Scale Umbrellas (Residual Demand),45.4473,-73.7533
2026-10-03,CAN,suggested_strategy,Baseline,45.6668,-73.8825
2026-10-03,CAN,suggested_strategy,Scale Umbrellas (Residual Demand),45.4501,-73.4658
2026-10-03,CAN,suggested_strategy,Scale Umbrellas (Residual Demand),45.4654,-73.6659
2026-10-03,CAN,suggested_strategy,Baseline,52.1324,-106.6689
2026-10-03,CAN,suggested_strategy,Baseline,49.8001,-104.1678
2026-10-03,CAN,suggested_strategy,Baseline,50.4501,-104.6178
2026-10-03,CAN,suggested_strategy,Baseline,53.2001,-105.7677
2026-10-03,CAN,suggested_strategy,Baseline,50.4001,-105.5345
2026-10-03,CAN,suggested_strategy,Baseline,60.7161,-135.0538
2026-10-03,CAN,suggested_strategy,Baseline,64.0601,-139.4333
2026-10-03,CAN,suggested_strategy,Baseline,60.0635,-128.7089
2026-10-03,CAN,suggested_strategy,Scale Umbrellas,60.7522,-137.5108
2026-10-03,CAN,suggested_strategy,Baseline,63.5927,-135.8998
2026-10-03,CAN,suggested_strategy,Baseline,48.9332,-55.6649
2026-10-03,CAN,suggested_strategy,Baseline,47.5333,-52.9667
2026-10-03,CAN,suggested_strategy,Baseline,46.2153,-63.0866
2026-10-03,CAN,weather_rain,0.0,51.0501,-114.0853
2026-10-03,CAN,weather_rain,0.0,53.5501,-113.4687
2026-10-03,CAN,weather_rain,0.0,53.6334,-113.6353
2026-10-03,CAN,weather_rain,0.0,52.8348,-110.8534
2026-10-03,CAN,weather_rain,0.0,54.7502,-113.5688
2026-10-03,CAN,weather_rain,0.0,49.2497,-123.1193
2026-10-03,CAN,weather_rain,0.0,48.4359,-123.3516
2026-10-03,CAN,weather_rain,0.0,49.1063,-122.8251
2026-10-03,CAN,weather_rain,0.0,49.2664,-122.9526
2026-10-03,CAN,weather_rain,0.0,49.3164,-123.0693
2026-10-03,CAN,weather_rain,0.0,49.8753,-97.409
2026-10-03,CAN,weather_rain,0.0,49.8844,-97.147
2026-10-03,CAN,weather_rain,0.0,49.8469,-99.9531
2026-10-03,CAN,weather_rain,0.0,49.5258,-96.6845
2026-10-03,CAN,weather_rain,0.094,55.7435,-97.8558
2026-10-03,CAN,weather_rain,0.0,46.0945,-64.7965
2026-10-03,CAN,weather_rain,0.0,45.2708,-66.0562
2026-10-03,CAN,weather_rain,0.0,45.9454,-66.6656
2026-10-03,CAN,weather_rain,0.0,46.0784,-64.6873
2026-10-03,CAN,weather_rain,0.0,47.029,-65.5019
2026-10-03,CAN,weather_rain,0.094,47.5649,-52.7093
2026-10-03,CAN,weather_rain,0.079,47.5166,-52.7814
2026-10-03,CAN,weather_rain,0.024,48.95,-57.952
2026-10-03,CAN,weather_rain,0.0,44.6427,-63.5769
2026-10-03,CAN,weather_rain,0.0,44.6713,-63.5772
2026-10-03,CAN,weather_rain,0.0,46.1351,-60.1831
2026-10-03,CAN,weather_rain,0.0,45.3668,-63.2654
2026-10-03,CAN,weather_rain,0.0,45.5834,-62.6486
2026-10-03,CAN,weather_rain,0.0,62.4541,-114.3725
2026-10-03,CAN,weather_rain,0.0,60.8156,-115.7999
2026-10-03,CAN,weather_rain,0.0,68.3617,-133.7282
2026-10-03,CAN,weather_rain,0.004,60.0044,-111.8887
2026-10-03,CAN,weather_rain,0.0,62.8025,-116.0464
2026-10-03,CAN,weather_rain,0.0,63.747,-68.5173
2026-10-03,CAN,weather_rain,0.0,62.8091,-92.0853
2026-10-03,CAN,weather_rain,0.0,61.1088,-94.0585
2026-10-03,CAN,weather_rain,0.0,64.3201,-96.0212
2026-10-03,CAN,weather_rain,0.0,69.1149,-105.0548
2026-10-03,CAN,weather_rain,0.0,43.7064,-79.3986
2026-10-03,CAN,weather_rain,0.0,45.4112,-75.6981
2026-10-03,CAN,weather_rain,0.0,44.2298,-76.481
2026-10-03,CAN,weather_rain,0.0,43.5459,-80.256
2026-10-03,CAN,weather_rain,0.0,43.8668,-79.2663
2026-10-03,CAN,weather_rain,0.0,46.2346,-63.1256
2026-10-03,CAN,weather_rain,0.0,46.3912,-63.7887
2026-10-03,CAN,weather_rain,0.0,46.2265,-63.2181
2026-10-03,CAN,weather_rain,0.0,46.1668,-62.6487
2026-10-03,CAN,weather_rain,0.0,45.5088,-73.5878
2026-10-03,CAN,weather_rain,0.0,45.4473,-73.7533
2026-10-03,CAN,weather_rain,0.0,45.6668,-73.8825
2026-10-03,CAN,weather_rain,0.0,45.4501,-73.4658
2026-10-03,CAN,weather_rain,0.0,45.4654,-73.6659
2026-10-03,CAN,weather_rain,0.0,52.1324,-106.6689
2026-10-03,CAN,weather_rain,0.0,49.8001,-104.1678
2026-10-03,CAN,weather_rain,0.0,50.4501,-104.6178
2026-10-03,CAN,weather_rain,0.0,53.2001,-105.7677
2026-10-03,CAN,weather_rain,0.0,50.4001,-105.5345
2026-10-03,CAN,weather_rain,0.197,60.7161,-135.0538
2026-10-03,CAN,weather_rain,0.004,64.0601,-139.4333
2026-10-03,CAN,weather_rain,0.189,60.0635,-128.7089
2026-10-03,CAN,weather_rain,0.48,60.7522,-137.5108
2026-10-03,CAN,weather_rain,0.154,63.5927,-135.8998
2026-10-03,CAN,weather_rain,0.0,48.9332,-55.6649
2026-10-03,CAN,weather_rain,0.094,47.5333,-52.9667
2026-10-03,CAN,weather_rain,0.0,46.2153,-63.0866
2026-10-03,CAN,weather_uv,3.25,51.0501,-114.0853
2026-10-03,CAN,weather_uv,3.3,53.5501,-113.4687
2026-10-03,CAN,weather_uv,3.45,53.6334,-113.6353
2026-10-03,CAN,weather_uv,3.65,52.8348,-110.8534
2026-10-03,CAN,weather_uv,2.6,54.7502,-113.5688
2026-10-03,CAN,weather_uv,4.15,49.2497,-123.1193
2026-10-03,CAN,weather_uv,4.25,48.4359,-123.3516
2026-10-03,CAN,weather_uv,4.15,49.1063,-122.8251
2026-10-03,CAN,weather_uv,4.1,49.2664,-122.9526
2026-10-03,CAN,weather_uv,4.1,49.3164,-123.0693
2026-10-03,CAN,weather_uv,3.85,49.8753,-97.409
2026-10-03,CAN,weather_uv,3.95,49.8844,-97.147
2026-10-03,CAN,weather_uv,0.0,49.8469,-99.9531
2026-10-03,CAN,weather_uv,0.0,49.5258,-96.6845
2026-10-03,CAN,weather_uv,0.0,55.7435,-97.8558
2026-10-03,CAN,weather_uv,0.0,46.0945,-64.7965
2026-10-03,CAN,weather_uv,0.0,45.2708,-66.0562
2026-10-03,CAN,weather_uv,0.0,45.9454,-66.6656
2026-10-03,CAN,weather_uv,0.0,46.0784,-64.6873
2026-10-03,CAN,weather_uv,0.0,47.029,-65.5019
2026-10-03,CAN,weather_uv,0.0,47.5649,-52.7093
2026-10-03,CAN,weather_uv,0.0,47.5166,-52.7814
2026-10-03,CAN,weather_uv,0.0,48.95,-57.952
2026-10-03,CAN,weather_uv,0.0,44.6427,-63.5769
2026-10-03,CAN,weather_uv,0.0,44.6713,-63.5772
2026-10-03,CAN,weather_uv,0.0,46.1351,-60.1831
2026-10-03,CAN,weather_uv,0.0,45.3668,-63.2654
2026-10-03,CAN,weather_uv,0.0,45.5834,-62.6486
2026-10-03,CAN,weather_uv,0.0,62.4541,-114.3725
2026-10-03,CAN,weather_uv,0.0,60.8156,-115.7999
2026-10-03,CAN,weather_uv,0.0,68.3617,-133.7282
2026-10-03,CAN,weather_uv,0.0,60.0044,-111.8887
2026-10-03,CAN,weather_uv,2.0,62.8025,-116.0464
2026-10-03,CAN,weather_uv,1.1,63.747,-68.5173
2026-10-03,CAN,weather_uv,1.65,62.8091,-92.0853
2026-10-03,CAN,weather_uv,2.25,61.1088,-94.0585
2026-10-03,CAN,weather_uv,1.5,64.3201,-96.0212
2026-10-03,CAN,weather_uv,0.95,69.1149,-105.0548
2026-10-03,CAN,weather_uv,4.6,43.7064,-79.3986
2026-10-03,CAN,weather_uv,4.45,45.4112,-75.6981
2026-10-03,CAN,weather_uv,4.6,44.2298,-76.481
2026-10-03,CAN,weather_uv,4.45,43.5459,-80.256
2026-10-03,CAN,weather_uv,4.6,43.8668,-79.2663
2026-10-03,CAN,weather_uv,4.55,46.2346,-63.1256
2026-10-03,CAN,weather_uv,4.55,46.3912,-63.7887
2026-10-03,CAN,weather_uv,4.55,46.2265,-63.2181
2026-10-03,CAN,weather_uv,4.55,46.1668,-62.6487
2026-10-03,CAN,weather_uv,4.55,45.5088,-73.5878
2026-10-03,CAN,weather_uv,4.5,45.4473,-73.7533
2026-10-03,CAN,weather_uv,4.5,45.6668,-73.8825
2026-10-03,CAN,weather_uv,4.55,45.4501,-73.4658
2026-10-03,CAN,weather_uv,4.5,45.4654,-73.6659
2026-10-03,CAN,weather_uv,3.75,52.1324,-106.6689
2026-10-03,CAN,weather_uv,4.1,49.8001,-104.1678
2026-10-03,CAN,weather_uv,4.0,50.4501,-104.6178
2026-10-03,CAN,weather_uv,3.55,53.2001,-105.7677
2026-10-03,CAN,weather_uv,4.05,50.4001,-105.5345
2026-10-03,CAN,weather_uv,1.35,60.7161,-135.0538
2026-10-03,CAN,weather_uv,1.5,64.0601,-139.4333
2026-10-03,CAN,weather_uv,2.5,60.0635,-128.7089
2026-10-03,CAN,weather_uv,0.7,60.7522,-137.5108
2026-10-03,CAN,weather_uv,2.0,63.5927,-135.8998
2026-10-03,CAN,weather_uv,3.5,48.9332,-55.6649
2026-10-03,CAN,weather_uv,2.75,47.5333,-52.9667
2026-10-03,CAN,weather_uv,4.55,46.2153,-63.0866
2026-10-03,CAN,weather_yesterday_rain,0.0,51.0501,-114.0853
2026-10-03,CAN,weather_yesterday_rain,0.0,53.5501,-113.4687
2026-10-03,CAN,weather_yesterday_rain,0.0,53.6334,-113.6353
2026-10-03,CAN,weather_yesterday_rain,0.0,52.8348,-110.8534
2026-10-03,CAN,weather_yesterday_rain,0.0,54.7502,-113.5688
2026-10-03,CAN,weather_yesterday_rain,0.122,49.2497,-123.1193
2026-10-03,CAN,weather_yesterday_rain,0.146,48.4359,-123.3516
2026-10-03,CAN,weather_yesterday_rain,0.339,49.1063,-122.8251
2026-10-03,CAN,weather_yesterday_rain,0.114,49.2664,-122.9526
2026-10-03,CAN,weather_yesterday_rain,0.193,49.3164,-123.0693
2026-10-03,CAN,weather_yesterday_rain,0.0,49.8753,-97.409
2026-10-03,CAN,weather_yesterday_rain,0.0,49.8844,-97.147
2026-10-03,CAN,weather_yesterday_rain,0.0,49.8469,-99.9531
2026-10-03,CAN,weather_yesterday_rain,0.0,49.5258,-96.6845
2026-10-03,CAN,weather_yesterday_rain,0.004,55.7435,-97.8558
2026-10-03,CAN,weather_yesterday_rain,0.189,46.0945,-64.7965
2026-10-03,CAN,weather_yesterday_rain,0.248,45.2708,-66.0562
2026-10-03,CAN,weather_yesterday_rain,0.201,45.9454,-66.6656
2026-10-03,CAN,weather_yesterday_rain,0.185,46.0784,-64.6873
2026-10-03,CAN,weather_yesterday_rain,0.114,47.029,-65.5019
2026-10-03,CAN,weather_yesterday_rain,0.035,47.5649,-52.7093
2026-10-03,CAN,weather_yesterday_rain,0.004,47.5166,-52.7814
2026-10-03,CAN,weather_yesterday_rain,0.091,48.95,-57.952
2026-10-03,CAN,weather_yesterday_rain,0.0,44.6427,-63.5769
2026-10-03,CAN,weather_yesterday_rain,0.0,44.6713,-63.5772
2026-10-03,CAN,weather_yesterday_rain,0.0,46.1351,-60.1831
2026-10-03,CAN,weather_yesterday_rain,0.059,45.3668,-63.2654
2026-10-03,CAN,weather_yesterday_rain,0.008,45.5834,-62.6486
2026-10-03,CAN,weather_yesterday_rain,0.15,62.4541,-114.3725
2026-10-03,CAN,weather_yesterday_rain,0.008,60.8156,-115.7999
2026-10-03,CAN,weather_yesterday_rain,0.028,68.3617,-133.7282
2026-10-03,CAN,weather_yesterday_rain,0.004,60.0044,-111.8887
2026-10-03,CAN,weather_yesterday_rain,0.016,62.8025,-116.0464
2026-10-03,CAN,weather_yesterday_rain,0.083,63.747,-68.5173
2026-10-03,CAN,weather_yesterday_rain,0.091,62.8091,-92.0853
2026-10-03,CAN,weather_yesterday_rain,0.059,61.1088,-94.0585
2026-10-03,CAN,weather_yesterday_rain,0.016,64.3201,-96.0212
2026-10-03,CAN,weather_yesterday_rain,0.0,69.1149,-105.0548
2026-10-03,CAN,weather_yesterday_rain,0.732,43.7064,-79.3986
2026-10-03,CAN,weather_yesterday_rain,0.449,45.4112,-75.6981
2026-10-03,CAN,weather_yesterday_rain,0.65,44.2298,-76.481
2026-10-03,CAN,weather_yesterday_rain,0.654,43.5459,-80.256
2026-10-03,CAN,weather_yesterday_rain,0.713,43.8668,-79.2663
2026-10-03,CAN,weather_yesterday_rain,0.098,46.2346,-63.1256
2026-10-03,CAN,weather_yesterday_rain,0.181,46.3912,-63.7887
2026-10-03,CAN,weather_yesterday_rain,0.098,46.2265,-63.2181
2026-10-03,CAN,weather_yesterday_rain,0.083,46.1668,-62.6487
2026-10-03,CAN,weather_yesterday_rain,0.469,45.5088,-73.5878
2026-10-03,CAN,weather_yesterday_rain,0.535,45.4473,-73.7533
2026-10-03,CAN,weather_yesterday_rain,0.441,45.6668,-73.8825
2026-10-03,CAN,weather_yesterday_rain,0.531,45.4501,-73.4658
2026-10-03,CAN,weather_yesterday_rain,0.539,45.4654,-73.6659
2026-10-03,CAN,weather_yesterday_rain,0.0,52.1324,-106.6689
2026-10-03,CAN,weather_yesterday_rain,0.0,49.8001,-104.1678
2026-10-03,CAN,weather_yesterday_rain,0.0,50.4501,-104.6178
2026-10-03,CAN,weather_yesterday_rain,0.0,53.2001,-105.7677
2026-10-03,CAN,weather_yesterday_rain,0.0,50.4001,-105.5345
2026-10-03,CAN,weather_yesterday_rain,0.161,60.7161,-135.0538
2026-10-03,CAN,weather_yesterday_rain,0.024,64.0601,-139.4333
2026-10-03,CAN,weather_yesterday_rain,0.0,60.0635,-128.7089
2026-10-03,CAN,weather_yesterday_rain,0.098,60.7522,-137.5108
2026-10-03,CAN,weather_yesterday_rain,0.039,63.5927,-135.8998
2026-10-03,CAN,weather_yesterday_rain,0.0,48.9332,-55.6649
2026-10-03,CAN,weather_yesterday_rain,0.0,47.5333,-52.9667
2026-10-03,CAN,weather_yesterday_rain,0.098,46.2153,-63.0866
2026-10-03,UK,suggested_strategy,Baseline,51.5085,-0.1257
2026-10-03,UK,suggested_strategy,Baseline,51.4552,-2.5966
2026-10-03,UK,suggested_strategy,Baseline,53.383,-1.4659
2026-10-03,UK,suggested_strategy,Baseline,51.558,-1.7812
2026-10-03,UK,suggested_strategy,Baseline,52.4814,-1.8998
2026-10-03,UK,suggested_strategy,Baseline,50.8284,-0.1395
2026-10-03,UK,suggested_strategy,Baseline,50.8309,-0.1672
2026-10-03,UK,suggested_strategy,Baseline,53.4809,-2.2374
2026-10-03,UK,suggested_strategy,Baseline,55.8651,-4.2576
2026-10-03,UK,suggested_strategy,Baseline,55.9521,-3.1965
2026-10-03,UK,suggested_strategy,Baseline,57.1437,-2.0981
2026-10-03,UK,suggested_strategy,Baseline,56.0716,-3.4589
2026-10-03,UK,suggested_strategy,Baseline,57.0755,-2.7802
2026-10-03,UK,suggested_strategy,Baseline,55.8844,-3.3397
2026-10-03,UK,suggested_strategy,Baseline,57.0517,-2.4882
2026-10-03,UK,suggested_strategy,Baseline,55.7992,-4.3929
2026-10-03,UK,suggested_strategy,Baseline,51.48,-3.18
2026-10-03,UK,suggested_strategy,Baseline,51.7144,-3.4492
2026-10-03,UK,suggested_strategy,Scale Umbrellas (Residual Demand),51.8514,-4.8806
2026-10-03,UK,suggested_strategy,Baseline,51.6545,-3.0228
2026-10-03,UK,suggested_strategy,Baseline,52.4498,-3.54
2026-10-03,UK,suggested_strategy,Baseline,51.7479,-3.3778
2026-10-03,UK,suggested_strategy,Baseline,51.5924,-3.7802
2026-10-03,UK,suggested_strategy,Baseline,54.1784,-6.3374
2026-10-03,UK,suggested_strategy,Baseline,54.5968,-5.9254
2026-10-03,UK,suggested_strategy,Baseline,54.4471,-6.387
2026-10-03,UK,suggested_strategy,Baseline,54.3667,-6.0167
2026-10-03,UK,suggested_strategy,Baseline,54.9981,-7.3093
2026-10-03,UK,suggested_strategy,Baseline,54.5234,-6.0353
2026-10-03,UK,suggested_strategy,Baseline,54.6608,-5.668
2026-10-03,UK,suggested_strategy,Baseline,51.6214,-3.9436
2026-10-03,UK,weather_rain,0.0,51.5085,-0.1257
2026-10-03,UK,weather_rain,0.0,51.4552,-2.5966
2026-10-03,UK,weather_rain,0.0,53.383,-1.4659
2026-10-03,UK,weather_rain,0.0,51.558,-1.7812
2026-10-03,UK,weather_rain,0.0,52.4814,-1.8998
2026-10-03,UK,weather_rain,0.0,50.8284,-0.1395
2026-10-03,UK,weather_rain,0.0,50.8309,-0.1672
2026-10-03,UK,weather_rain,0.0,53.4809,-2.2374
2026-10-03,UK,weather_rain,0.016,55.8651,-4.2576
2026-10-03,UK,weather_rain,0.0,55.9521,-3.1965
2026-10-03,UK,weather_rain,0.079,57.1437,-2.0981
2026-10-03,UK,weather_rain,0.0,56.0716,-3.4589
2026-10-03,UK,weather_rain,0.012,57.0755,-2.7802
2026-10-03,UK,weather_rain,0.0,55.8844,-3.3397
2026-10-03,UK,weather_rain,0.028,57.0517,-2.4882
2026-10-03,UK,weather_rain,0.012,55.7992,-4.3929
2026-10-03,UK,weather_rain,0.0,51.48,-3.18
2026-10-03,UK,weather_rain,0.0,51.7144,-3.4492
2026-10-03,UK,weather_rain,0.0,51.8514,-4.8806
2026-10-03,UK,weather_rain,0.0,51.6545,-3.0228
2026-10-03,UK,weather_rain,0.0,52.4498,-3.54
2026-10-03,UK,weather_rain,0.0,51.7479,-3.3778
2026-10-03,UK,weather_rain,0.0,51.5924,-3.7802
2026-10-03,UK,weather_rain,0.0,54.1784,-6.3374
2026-10-03,UK,weather_rain,0.0,54.5968,-5.9254
2026-10-03,UK,weather_rain,0.0,54.4471,-6.387
2026-10-03,UK,weather_rain,0.0,54.3667,-6.0167
2026-10-03,UK,weather_rain,0.0,54.9981,-7.3093
2026-10-03,UK,weather_rain,0.0,54.5234,-6.0353
2026-10-03,UK,weather_rain,0.0,54.6608,-5.668
2026-10-03,UK,weather_rain,0.004,51.6214,-3.9436
2026-10-03,UK,weather_uv,2.0,51.5085,-0.1257
2026-10-03,UK,weather_uv,1.8,51.4552,-2.5966
2026-10-03,UK,weather_uv,2.25,53.383,-1.4659
2026-10-03,UK,weather_uv,1.7,51.558,-1.7812
2026-10-03,UK,weather_uv,2.4,52.4814,-1.8998
2026-10-03,UK,weather_uv,1.95,50.8284,-0.1395
2026-10-03,UK,weather_uv,2.0,50.8309,-0.1672
2026-10-03,UK,weather_uv,2.0,53.4809,-2.2374
2026-10-03,UK,weather_uv,1.25,55.8651,-4.2576
2026-10-03,UK,weather_uv,1.45,55.9521,-3.1965
2026-10-03,UK,weather_uv,1.5,57.1437,-2.0981
2026-10-03,UK,weather_uv,1.45,56.0716,-3.4589
2026-10-03,UK,weather_uv,1.5,57.0755,-2.7802
2026-10-03,UK,weather_uv,1.65,55.8844,-3.3397
2026-10-03,UK,weather_uv,1.6,57.0517,-2.4882
2026-10-03,UK,weather_uv,1.25,55.7992,-4.3929
2026-10-03,UK,weather_uv,2.5,51.48,-3.18
2026-10-03,UK,weather_uv,2.4,51.7144,-3.4492
2026-10-03,UK,weather_uv,2.4,51.8514,-4.8806
2026-10-03,UK,weather_uv,1.9,51.6545,-3.0228
2026-10-03,UK,weather_uv,2.4,52.4498,-3.54
2026-10-03,UK,weather_uv,2.5,51.7479,-3.3778
2026-10-03,UK,weather_uv,2.5,51.5924,-3.7802
2026-10-03,UK,weather_uv,1.7,54.1784,-6.3374
2026-10-03,UK,weather_uv,1.9,54.5968,-5.9254
2026-10-03,UK,weather_uv,1.75,54.4471,-6.387
2026-10-03,UK,weather_uv,1.9,54.3667,-6.0167
2026-10-03,UK,weather_uv,1.45,54.9981,-7.3093
2026-10-03,UK,weather_uv,1.75,54.5234,-6.0353
2026-10-03,UK,weather_uv,1.95,54.6608,-5.668
2026-10-03,UK,weather_uv,2.5,51.6214,-3.9436
2026-10-03,UK,weather_yesterday_rain,0.0,51.5085,-0.1257
2026-10-03,UK,weather_yesterday_rain,0.004,51.4552,-2.5966
2026-10-03,UK,weather_yesterday_rain,0.0,53.383,-1.4659
2026-10-03,UK,weather_yesterday_rain,0.0,51.558,-1.7812
2026-10-03,UK,weather_yesterday_rain,0.004,52.4814,-1.8998
2026-10-03,UK,weather_yesterday_rain,0.0,50.8284,-0.1395
2026-10-03,UK,weather_yesterday_rain,0.0,50.8309,-0.1672
2026-10-03,UK,weather_yesterday_rain,0.067,53.4809,-2.2374
2026-10-03,UK,weather_yesterday_rain,0.378,55.8651,-4.2576
2026-10-03,UK,weather_yesterday_rain,0.142,55.9521,-3.1965
2026-10-03,UK,weather_yesterday_rain,0.11,57.1437,-2.0981
2026-10-03,UK,weather_yesterday_rain,0.248,56.0716,-3.4589
2026-10-03,UK,weather_yesterday_rain,0.15,57.0755,-2.7802
2026-10-03,UK,weather_yesterday_rain,0.185,55.8844,-3.3397
2026-10-03,UK,weather_yesterday_rain,0.193,57.0517,-2.4882
2026-10-03,UK,weather_yesterday_rain,0.429,55.7992,-4.3929
2026-10-03,UK,weather_yesterday_rain,0.059,51.48,-3.18
2026-10-03,UK,weather_yesterday_rain,0.256,51.7144,-3.4492
2026-10-03,UK,weather_yesterday_rain,0.598,51.8514,-4.8806
2026-10-03,UK,weather_yesterday_rain,0.063,51.6545,-3.0228
2026-10-03,UK,weather_yesterday_rain,0.118,52.4498,-3.54
2026-10-03,UK,weather_yesterday_rain,0.256,51.7479,-3.3778
2026-10-03,UK,weather_yesterday_rain,0.28,51.5924,-3.7802
2026-10-03,UK,weather_yesterday_rain,0.311,54.1784,-6.3374
2026-10-03,UK,weather_yesterday_rain,0.256,54.5968,-5.9254
2026-10-03,UK,weather_yesterday_rain,0.307,54.4471,-6.387
2026-10-03,UK,weather_yesterday_rain,0.248,54.3667,-6.0167
2026-10-03,UK,weather_yesterday_rain,0.26,54.9981,-7.3093
2026-10-03,UK,weather_yesterday_rain,0.26,54.5234,-6.0353
2026-10-03,UK,weather_yesterday_rain,0.256,54.6608,-5.668
2026-10-03,UK,weather_yesterday_rain,0.228,51.6214,-3.9436
2026-10-03,US,actual_action,Sun Protection (Hats/Shirts),,
2026-10-03,US,actual_action,Sun Protection (Hats/Shirts),,
2026-10-03,US,actual_action,Sun Protection (Hats/Shirts),,
2026-10-03,US,actual_action,Sun Protection (Hats/Shirts),,
2026-10-03,US,actual_action,Sun Protection (Hats/Shirts),,
2026-10-03,US,actual_action,Sun Protection (Hats/Shirts),,
2026-10-03,US,actual_action,Sun Protection (Hats/Shirts),,
2026-10-03,US,actual_action,Sun Protection (Hats/Shirts),,
2026-10-03,US,actual_action,Sun Protection (Hats/Shirts),,
2026-10-03,US,actual_action,Sun Protection (Hats/Shirts),,
2026-10-03,US,actual_action,Sun Protection (Hats/Shirts),,
2026-10-03,US,actual_action,Sun Protection (Hats/Shirts),,
2026-10-03,US,actual_action,Sun Protection (Hats/Shirts),,
2026-10-03,US,actual_action,Sun Protection (Hats/Shirts),,
2026-10-03,US,actual_action,Sun Protection (Hats/Shirts),,
2026-10-03,US,actual_action,Sun Protection (Hats/Shirts),,
2026-10-03,US,actual_action,Sun Protection (Hats/Shirts),,
2026-10-03,US,actual_action,Sun Protection (Hats/Shirts),,
2026-10-03,US,actual_action,Sun Protection (Hats/Shirts),,
2026-10-03,US,actual_action,Sun Protection (Hats/Shirts),,
2026-10-03,US,actual_action,Sun Protection (Hats/Shirts),,
2026-10-03,US,actual_action,Sun Protection (Hats/Shirts),,
2026-10-03,US,actual_action,Sun Protection (Hats/Shirts),,
2026-10-03,US,actual_action,Sun Protection (Hats/Shirts),,
2026-10-03,US,actual_action,Sun Protection (Hats/Shirts),,
2026-10-03,US,actual_action,Sun Protection (Hats/Shirts),,
2026-10-03,US,actual_action,Sun Protection (Hats/Shirts),,
2026-10-03,US,actual_action,Sun Protection (Hats/Shirts),,
2026-10-03,US,actual_action,Sun Protection (Hats/Shirts),,
2026-10-03,US,actual_action,Sun Protection (Hats/Shirts),,
2026-10-03,US,actual_action,Sun Protection (Hats/Shirts),,
2026-10-03,US,actual_action,Sun Protection (Hats/Shirts),,
2026-10-03,US,actual_action,Sun Protection (Hats/Shirts),,
2026-10-03,US,actual_action,Sun Protection (Hats/Shirts),,
2026-10-03,US,actual_action,Sun Protection (Hats/Shirts),,
2026-10-03,US,actual_action,Sun Protection (Hats/Shirts),,
2026-10-03,US,actual_action,Sun Protection (Hats/Shirts),,
2026-10-03,US,actual_action,Sun Protection (Hats/Shirts),,
2026-10-03,US,sales_revenue,4590.45,,
2026-10-03,US,sales_units,66.0,,
2026-10-03,US,suggested_strategy,Baseline,61.2181,-149.9003
2026-10-03,US,suggested_strategy,Baseline,64.8378,-147.7164
2026-10-03,US,suggested_strategy,Scale Umbrellas,57.0532,-135.3309
2026-10-03,US,suggested_strategy,Scale Umbrellas,60.5432,-145.7587
2026-10-03,US,suggested_strategy,Baseline,61.5809,-149.4415
2026-10-03,US,suggested_strategy,Baseline,33.5207,-86.8025
2026-10-03,US,suggested_strategy,Baseline,34.7304,-86.5859
2026-10-03,US,suggested_strategy,Scale Umbrellas,30.6944,-88.043
2026-10-03,US,suggested_strategy,Baseline,34.6993,-86.7483
2026-10-03,US,suggested_strategy,Scale Umbrellas,30.523,-87.9033
2026-10-03,US,suggested_strategy,Baseline,34.7465,-92.2896
2026-10-03,US,suggested_strategy,Scale Umbrellas (Residual Demand),35.8423,-90.7043
2026-10-03,US,suggested_strategy,Baseline,36.3728,-94.2088
2026-10-03,US,suggested_strategy,Baseline,36.0626,-94.1574
2026-10-03,US,suggested_strategy,Baseline,36.332,-94.1185
2026-10-03,US,suggested_strategy,Baseline,33.4484,-112.074
2026-10-03,US,suggested_strategy,Baseline,32.2217,-110.9265
2026-10-03,US,suggested_strategy,Baseline,33.5092,-111.899
2026-10-03,US,suggested_strategy,Baseline,33.3528,-111.789
2026-10-03,US,suggested_strategy,Baseline,33.4223,-111.8226
2026-10-03,US,suggested_strategy,Baseline,34.0522,-118.2437
2026-10-03,US,suggested_strategy,Baseline,37.7749,-122.4194
2026-10-03,US,suggested_strategy,Baseline,32.7157,-117.1647
2026-10-03,US,suggested_strategy,Baseline,37.3394,-121.895
2026-10-03,US,suggested_strategy,Baseline,37.8044,-122.2708
2026-10-03,US,suggested_strategy,Baseline,39.7392,-104.9847
2026-10-03,US,suggested_strategy,Baseline,38.8339,-104.8214
2026-10-03,US,suggested_strategy,Baseline,39.6133,-105.0166
2026-10-03,US,suggested_strategy,Baseline,39.7294,-104.8319
2026-10-03,US,suggested_strategy,Baseline,40.5853,-105.0844
2026-10-03,US,suggested_strategy,Baseline,41.1176,-73.4079
2026-10-03,US,suggested_strategy,Baseline,41.0265,-73.6285
2026-10-03,US,suggested_strategy,Baseline,41.0534,-73.5387
2026-10-03,US,suggested_strategy,Baseline,41.1412,-73.2637
2026-10-03,US,suggested_strategy,Baseline,41.1468,-73.4948
2026-10-03,US,suggested_strategy,Baseline,39.746,-75.5466
2026-10-03,US,suggested_strategy,Baseline,39.6595,-75.5636
2026-10-03,US,suggested_strategy,Scale Umbrellas,38.7746,-75.1393
2026-10-03,US,suggested_strategy,Baseline,39.6837,-75.7497
2026-10-03,US,suggested_strategy,Baseline,39.4496,-75.7163
2026-10-03,US,suggested_strategy,Baseline,25.7743,-80.1937
2026-10-03,US,suggested_strategy,Scale Umbrellas (Residual Demand),28.5383,-81.3792
2026-10-03,US,suggested_strategy,Scale Umbrellas,26.1423,-81.796
2026-10-03,US,suggested_strategy,Baseline,27.9475,-82.4584
2026-10-03,US,suggested_strategy,Baseline,26.3587,-80.0831
2026-10-03,US,suggested_strategy,Baseline,33.749,-84.388
2026-10-03,US,suggested_strategy,Baseline,33.9526,-84.5499
2026-10-03,US,suggested_strategy,Baseline,32.0835,-81.0998
2026-10-03,US,suggested_strategy,Baseline,34.0754,-84.2941
2026-10-03,US,suggested_strategy,Baseline,33.7748,-84.2963
2026-10-03,US,suggested_strategy,Sun Protection (Hats/Shirts),21.3069,-157.8583
2026-10-03,US,suggested_strategy,Sun Protection (Hats/Shirts),21.4504,-158.015
2026-10-03,US,suggested_strategy,Sun Protection (Hats/Shirts),21.3156,-158.0072
2026-10-03,US,suggested_strategy,Sun Protection (Hats/Shirts),21.4024,-157.7405
2026-10-03,US,suggested_strategy,Sun Protection (Hats/Shirts),21.3999,-157.7989
2026-10-03,US,suggested_strategy,Baseline,42.0083,-91.6441
2026-10-03,US,suggested_strategy,Baseline,41.6611,-91.5302
2026-10-03,US,suggested_strategy,Baseline,41.6005,-93.6091
2026-10-03,US,suggested_strategy,Baseline,42.0347,-93.6199
2026-10-03,US,suggested_strategy,Baseline,41.5772,-93.7113
2026-10-03,US,suggested_strategy,Baseline,43.6135,-116.2035
2026-10-03,US,suggested_strategy,Baseline,43.6121,-116.3915
2026-10-03,US,suggested_strategy,Baseline,43.6954,-116.354
2026-10-03,US,suggested_strategy,Baseline,43.4918,-116.4201
2026-10-03,US,suggested_strategy,Scale Umbrellas (Residual Demand),41.85,-87.65
2026-10-03,US,suggested_strategy,Scale Umbrellas (Residual Demand),41.7859,-88.1473
2026-10-03,US,suggested_strategy,Scale Umbrellas (Residual Demand),42.0411,-87.6901
2026-10-03,US,suggested_strategy,Scale Umbrellas (Residual Demand),42.0722,-87.7228
2026-10-03,US,suggested_strategy,Scale Umbrellas (Residual Demand),41.8089,-88.0112
2026-10-03,US,suggested_strategy,Scale Umbrellas (Residual Demand),39.7684,-86.158
2026-10-03,US,suggested_strategy,Baseline,39.9784,-86.118
2026-10-03,US,suggested_strategy,Scale Umbrellas (Residual Demand),41.1306,-85.1289
2026-10-03,US,suggested_strategy,Baseline,39.1653,-86.5264
2026-10-03,US,suggested_strategy,Baseline,40.4259,-86.9081
2026-10-03,US,suggested_strategy,Scale Umbrellas (Residual Demand),37.6922,-97.3375
2026-10-03,US,suggested_strategy,Scale Umbrellas (Residual Demand),38.9822,-94.6708
2026-10-03,US,suggested_strategy,Scale Umbrellas (Residual Demand),38.8814,-94.8191
2026-10-03,US,suggested_strategy,Scale Umbrellas (Residual Demand),38.9717,-95.2352
2026-10-03,US,suggested_strategy,Baseline,38.9667,-94.6169
2026-10-03,US,suggested_strategy,Scale Umbrellas (Residual Demand),38.2542,-85.7594
2026-10-03,US,suggested_strategy,Baseline,37.9887,-84.4777
2026-10-03,US,suggested_strategy,Baseline,36.9903,-86.4436
2026-10-03,US,suggested_strategy,Scale Umbrellas (Residual Demand),37.0834,-88.6
2026-10-03,US,suggested_strategy,Baseline,36.6084,-83.7166
2026-10-03,US,suggested_strategy,Baseline,30.4433,-91.1875
2026-10-03,US,suggested_strategy,Scale Umbrellas,29.9547,-90.0751
2026-10-03,US,suggested_strategy,Baseline,30.2241,-92.0198
2026-10-03,US,suggested_strategy,Scale Umbrellas (Residual Demand),32.5251,-93.7502
2026-10-03,US,suggested_strategy,Scale Umbrellas,29.9841,-90.1529
2026-10-03,US,suggested_strategy,Baseline,42.5256,-71.0953
2026-10-03,US,suggested_strategy,Baseline,42.3584,-71.0598
2026-10-03,US,suggested_strategy,Baseline,42.3751,-71.1056
2026-10-03,US,suggested_strategy,Baseline,41.8459,-71.0828
2026-10-03,US,suggested_strategy,Baseline,42.3876,-71.0995
2026-10-03,US,suggested_strategy,Baseline,39.2904,-76.6122
2026-10-03,US,suggested_strategy,Baseline,38.9807,-77.1003
2026-10-03,US,suggested_strategy,Scale Umbrellas,38.9907,-77.0261
2026-10-03,US,suggested_strategy,Scale Umbrellas,39.084,-77.1528
2026-10-03,US,suggested_strategy,Scale Umbrellas,38.9786,-76.4918
2026-10-03,US,suggested_strategy,Baseline,43.6574,-70.2589
2026-10-03,US,suggested_strategy,Baseline,43.5781,-70.3217
2026-10-03,US,suggested_strategy,Baseline,43.7295,-70.242
2026-10-03,US,suggested_strategy,Baseline,44.7988,-68.7726
2026-10-03,US,suggested_strategy,Baseline,43.1531,-70.8001
2026-10-03,US,suggested_strategy,Scale Umbrellas (Residual Demand),42.2776,-83.7409
2026-10-03,US,suggested_strategy,Baseline,42.9634,-85.6681
2026-10-03,US,suggested_strategy,Scale Umbrellas (Residual Demand),42.5836,-83.2455
2026-10-03,US,suggested_strategy,Scale Umbrellas (Residual Demand),42.3714,-83.4702
2026-10-03,US,suggested_strategy,Scale Umbrellas (Residual Demand),42.7009,-82.9591
2026-10-03,US,suggested_strategy,Baseline,44.98,-93.2638
2026-10-03,US,suggested_strategy,Baseline,44.9444,-93.0933
2026-10-03,US,suggested_strategy,Baseline,45.0105,-93.4555
2026-10-03,US,suggested_strategy,Baseline,44.9133,-93.5033
2026-10-03,US,suggested_strategy,Baseline,44.8547,-93.4708
2026-10-03,US,suggested_strategy,Scale Umbrellas (Residual Demand),38.6517,-90.2053
2026-10-03,US,suggested_strategy,Scale Umbrellas (Residual Demand),39.0997,-94.5786
2026-10-03,US,suggested_strategy,Baseline,38.6631,-90.5771
2026-10-03,US,suggested_strategy,Baseline,38.7839,-90.4812
2026-10-03,US,suggested_strategy,Baseline,37.2153,-93.2982
2026-10-03,US,suggested_strategy,Baseline,32.4618,-90.1154
2026-10-03,US,suggested_strategy,Scale Umbrellas,30.3674,-89.0928
2026-10-03,US,suggested_strategy,Baseline,31.3271,-89.2903
2026-10-03,US,suggested_strategy,Scale Umbrellas (Residual Demand),32.2988,-90.1848
2026-10-03,US,suggested_strategy,Scale Umbrellas (Residual Demand),34.989,-90.0126
2026-10-03,US,suggested_strategy,Baseline,45.6797,-111.0386
2026-10-03,US,suggested_strategy,Baseline,45.7833,-108.5007
2026-10-03,US,suggested_strategy,Baseline,47.5002,-111.3008
2026-10-03,US,suggested_strategy,Baseline,46.8721,-113.994
2026-10-03,US,suggested_strategy,Baseline,48.1958,-114.3129
2026-10-03,US,suggested_strategy,Scale Umbrellas,35.2271,-80.8431
2026-10-03,US,suggested_strategy,Scale Umbrellas,35.7721,-78.6386
2026-10-03,US,suggested_strategy,Scale Umbrellas,35.994,-78.8986
2026-10-03,US,suggested_strategy,Baseline,34.2356,-77.946
2026-10-03,US,suggested_strategy,Scale Umbrellas,35.9132,-79.0558
2026-10-03,US,suggested_strategy,Baseline,46.8772,-96.7898
2026-10-03,US,suggested_strategy,Baseline,46.875,-96.9004
2026-10-03,US,suggested_strategy,Baseline,46.8083,-100.7837
2026-10-03,US,suggested_strategy,Baseline,46.8792,-102.7896
2026-10-03,US,suggested_strategy,Baseline,47.9253,-97.0328
2026-10-03,US,suggested_strategy,Baseline,41.2563,-95.9404
2026-10-03,US,suggested_strategy,Baseline,40.8,-96.667
2026-10-03,US,suggested_strategy,Baseline,41.345,-96.256
2026-10-03,US,suggested_strategy,Baseline,41.1367,-95.8908
2026-10-03,US,suggested_strategy,Baseline,41.1544,-96.0422
2026-10-03,US,suggested_strategy,Baseline,42.9956,-71.4548
2026-10-03,US,suggested_strategy,Baseline,42.7654,-71.4676
2026-10-03,US,suggested_strategy,Baseline,42.9376,-70.8389
2026-10-03,US,suggested_strategy,Baseline,43.077,-70.7577
2026-10-03,US,suggested_strategy,Baseline,42.9815,-70.9478
2026-10-03,US,suggested_strategy,Baseline,40.7282,-74.0776
2026-10-03,US,suggested_strategy,Baseline,40.744,-74.0324
2026-10-03,US,suggested_strategy,Baseline,40.7968,-74.4815
2026-10-03,US,suggested_strategy,Baseline,40.659,-74.3474
2026-10-03,US,suggested_strategy,Baseline,40.3487,-74.659
2026-10-03,US,suggested_strategy,Baseline,35.0845,-106.6511
2026-10-03,US,suggested_strategy,Baseline,35.687,-105.9378
2026-10-03,US,suggested_strategy,Baseline,32.3123,-106.7783
2026-10-03,US,suggested_strategy,Baseline,35.0809,-106.3881
2026-10-03,US,suggested_strategy,Baseline,35.8881,-106.307
2026-10-03,US,suggested_strategy,Baseline,36.0397,-114.9819
2026-10-03,US,suggested_strategy,Baseline,36.175,-115.1372
2026-10-03,US,suggested_strategy,Baseline,39.5296,-119.8138
2026-10-03,US,suggested_strategy,Baseline,39.1638,-119.7674
2026-10-03,US,suggested_strategy,Baseline,36.1989,-115.1175
2026-10-03,US,suggested_strategy,Baseline,40.7143,-74.006
2026-10-03,US,suggested_strategy,Baseline,40.6501,-73.9496
2026-10-03,US,suggested_strategy,Baseline,40.8499,-73.8664
2026-10-03,US,suggested_strategy,Baseline,40.5623,-74.1399
2026-10-03,US,suggested_strategy,Baseline,40.7721,-73.9301
2026-10-03,US,suggested_strategy,Baseline,39.1271,-84.5144
2026-10-03,US,suggested_strategy,Baseline,39.9612,-82.9988
2026-10-03,US,suggested_strategy,Baseline,39.7589,-84.1916
2026-10-03,US,suggested_strategy,Baseline,40.0992,-83.1141
2026-10-03,US,suggested_strategy,Baseline,41.4995,-81.6954
2026-10-03,US,suggested_strategy,Baseline,35.6528,-97.4781
2026-10-03,US,suggested_strategy,Baseline,36.154,-95.9928
2026-10-03,US,suggested_strategy,Baseline,35.4676,-97.5164
2026-10-03,US,suggested_strategy,Baseline,35.2226,-97.4395
2026-10-03,US,suggested_strategy,Baseline,36.0526,-95.7908
2026-10-03,US,suggested_strategy,Baseline,45.5234,-122.6762
2026-10-03,US,suggested_strategy,Baseline,45.4207,-122.6706
2026-10-03,US,suggested_strategy,Baseline,45.4871,-122.8037
2026-10-03,US,suggested_strategy,Baseline,44.0521,-123.0867
2026-10-03,US,suggested_strategy,Baseline,44.9429,-123.0351
2026-10-03,US,suggested_strategy,Baseline,39.9524,-75.1636
2026-10-03,US,suggested_strategy,Baseline,40.4406,-79.9959
2026-10-03,US,suggested_strategy,Baseline,40.0379,-76.3055
2026-10-03,US,suggested_strategy,Baseline,39.961,-75.608
2026-10-03,US,suggested_strategy,Baseline,40.3101,-75.1299
2026-10-03,US,suggested_strategy,Baseline,41.824,-71.4128
2026-10-03,US,suggested_strategy,Baseline,41.7407,-71.3087
2026-10-03,US,suggested_strategy,Baseline,41.7798,-71.4373
2026-10-03,US,suggested_strategy,Baseline,41.7001,-71.4162
2026-10-03,US,suggested_strategy,Baseline,41.6604,-71.4559
2026-10-03,US,suggested_strategy,Scale Umbrellas,34.8526,-82.394
2026-10-03,US,suggested_strategy,Baseline,32.7763,-79.9327
2026-10-03,US,suggested_strategy,Scale Umbrellas,32.7941,-79.8626
2026-10-03,US,suggested_strategy,Baseline,34.0007,-81.0348
2026-10-03,US,suggested_strategy,Baseline,33.6891,-78.8867
2026-10-03,US,suggested_strategy,Baseline,43.55,-96.7003
2026-10-03,US,suggested_strategy,Baseline,44.0805,-103.231
2026-10-03,US,suggested_strategy,Baseline,43.3541,-96.892
2026-10-03,US,suggested_strategy,Baseline,44.0061,-97.114
2026-10-03,US,suggested_strategy,Baseline,45.4647,-98.4865
2026-10-03,US,suggested_strategy,Scale Umbrellas (Residual Demand),36.1659,-86.7844
2026-10-03,US,suggested_strategy,Baseline,35.9606,-83.9207
2026-10-03,US,suggested_strategy,Scale Umbrellas (Residual Demand),35.1495,-90.049
2026-10-03,US,suggested_strategy,Baseline,35.9251,-86.8689
2026-10-03,US,suggested_strategy,Baseline,35.0456,-85.3097
2026-10-03,US,suggested_strategy,Scale Umbrellas,29.7633,-95.3633
2026-10-03,US,suggested_strategy,Scale Umbrellas (Residual Demand),30.2672,-97.7431
2026-10-03,US,suggested_strategy,Scale Umbrellas (Residual Demand),32.7831,-96.8067
2026-10-03,US,suggested_strategy,Scale Umbrellas (Residual Demand),29.4241,-98.4936
2026-10-03,US,suggested_strategy,Scale Umbrellas,32.7254,-97.3208
2026-10-03,US,suggested_strategy,Baseline,40.7608,-111.8911
2026-10-03,US,suggested_strategy,Baseline,40.5622,-111.9297
2026-10-03,US,suggested_strategy,Baseline,40.6461,-111.498
2026-10-03,US,suggested_strategy,Baseline,40.5916,-111.8841
2026-10-03,US,suggested_strategy,Scale Umbrellas,38.8048,-77.0469
2026-10-03,US,suggested_strategy,Scale Umbrellas,38.881,-77.1043
2026-10-03,US,suggested_strategy,Baseline,36.8529,-75.978
2026-10-03,US,suggested_strategy,Baseline,37.5538,-77.4603
2026-10-03,US,suggested_strategy,Scale Umbrellas,38.8462,-77.3064
2026-10-03,US,suggested_strategy,Scale Umbrellas (Residual Demand),44.4759,-73.2121
2026-10-03,US,suggested_strategy,Baseline,44.4906,-73.111
2026-10-03,US,suggested_strategy,Baseline,44.5939,-72.6165
2026-10-03,US,suggested_strategy,Scale Umbrellas (Residual Demand),44.467,-73.171
2026-10-03,US,suggested_strategy,Scale Umbrellas (Residual Demand),44.4653,-72.6846
2026-10-03,US,suggested_strategy,Baseline,47.6062,-122.3321
2026-10-03,US,suggested_strategy,Baseline,47.6104,-122.2007
2026-10-03,US,suggested_strategy,Baseline,45.6387,-122.6615
2026-10-03,US,suggested_strategy,Baseline,47.2529,-122.4443
2026-10-03,US,suggested_strategy,Baseline,43.0389,-87.9065
2026-10-03,US,suggested_strategy,Baseline,43.0731,-89.4012
2026-10-03,US,suggested_strategy,Baseline,43.0117,-88.2315
2026-10-03,US,suggested_strategy,Baseline,43.1133,-87.9001
2026-10-03,US,suggested_strategy,Baseline,44.2619,-88.4154
2026-10-03,US,suggested_strategy,Baseline,39.6295,-79.9559
2026-10-03,US,suggested_strategy,Baseline,38.4192,-82.4451
2026-10-03,US,suggested_strategy,Baseline,38.3498,-81.6326
2026-10-03,US,suggested_strategy,Baseline,40.064,-80.7209
2026-10-03,US,suggested_strategy,Baseline,38.4326,-82.0201
2026-10-03,US,suggested_strategy,Baseline,41.14,-104.8203
2026-10-03,US,suggested_strategy,Baseline,44.7972,-106.9562
2026-10-03,US,suggested_strategy,Baseline,41.5875,-109.2029
2026-10-03,US,suggested_strategy,Baseline,44.5263,-109.0565
2026-10-03,US,suggested_strategy,Baseline,42.8666,-106.3131
2026-10-03,US,suggested_strategy,Scale Umbrellas,38.8951,-77.0364
2026-10-03,US,suggested_strategy,Baseline,47.6777,-116.7805
2026-10-03,US,suggested_strategy,Baseline,40.3144,-111.9849
2026-10-03,US,suggested_strategy,Baseline,47.6569,-117.425
2026-10-03,US,weather_rain,0.004,61.2181,-149.9003
2026-10-03,US,weather_rain,0.0,64.8378,-147.7164
2026-10-03,US,weather_rain,1.787,57.0532,-135.3309
2026-10-03,US,weather_rain,0.898,60.5432,-145.7587
2026-10-03,US,weather_rain,0.094,61.5809,-149.4415
2026-10-03,US,weather_rain,0.055,33.5207,-86.8025
2026-10-03,US,weather_rain,0.0,34.7304,-86.5859
2026-10-03,US,weather_rain,2.283,30.6944,-88.043
2026-10-03,US,weather_rain,0.0,34.6993,-86.7483
2026-10-03,US,weather_rain,5.177,30.523,-87.9033
2026-10-03,US,weather_rain,0.047,34.7465,-92.2896
2026-10-03,US,weather_rain,0.0,35.8423,-90.7043
2026-10-03,US,weather_rain,0.0,36.3728,-94.2088
2026-10-03,US,weather_rain,0.016,36.0626,-94.1574
2026-10-03,US,weather_rain,0.0,36.332,-94.1185
2026-10-03,US,weather_rain,0.0,33.4484,-112.074
2026-10-03,US,weather_rain,0.0,32.2217,-110.9265
2026-10-03,US,weather_rain,0.0,33.5092,-111.899
2026-10-03,US,weather_rain,0.0,33.3528,-111.789
2026-10-03,US,weather_rain,0.0,33.4223,-111.8226
2026-10-03,US,weather_rain,0.0,34.0522,-118.2437
2026-10-03,US,weather_rain,0.0,37.7749,-122.4194
2026-10-03,US,weather_rain,0.0,32.7157,-117.1647
2026-10-03,US,weather_rain,0.0,37.3394,-121.895
2026-10-03,US,weather_rain,0.0,37.8044,-122.2708
2026-10-03,US,weather_rain,0.0,39.7392,-104.9847
2026-10-03,US,weather_rain,0.0,38.8339,-104.8214
2026-10-03,US,weather_rain,0.0,39.6133,-105.0166
2026-10-03,US,weather_rain,0.0,39.7294,-104.8319
2026-10-03,US,weather_rain,0.0,40.5853,-105.0844
2026-10-03,US,weather_rain,0.0,41.1176,-73.4079
2026-10-03,US,weather_rain,0.0,41.0265,-73.6285
2026-10-03,US,weather_rain,0.0,41.0534,-73.5387
2026-10-03,US,weather_rain,0.0,41.1412,-73.2637
2026-10-03,US,weather_rain,0.016,41.1468,-73.4948
2026-10-03,US,weather_rain,0.0,39.746,-75.5466
2026-10-03,US,weather_rain,0.031,39.6595,-75.5636
2026-10-03,US,weather_rain,0.528,38.7746,-75.1393
2026-10-03,US,weather_rain,0.087,39.6837,-75.7497
2026-10-03,US,weather_rain,0.134,39.4496,-75.7163
2026-10-03,US,weather_rain,0.0,25.7743,-80.1937
2026-10-03,US,weather_rain,0.0,28.5383,-81.3792
2026-10-03,US,weather_rain,0.26,26.1423,-81.796
2026-10-03,US,weather_rain,0.142,27.9475,-82.4584
2026-10-03,US,weather_rain,0.043,26.3587,-80.0831
2026-10-03,US,weather_rain,0.0,33.749,-84.388
2026-10-03,US,weather_rain,0.0,33.9526,-84.5499
2026-10-03,US,weather_rain,0.0,32.0835,-81.0998
2026-10-03,US,weather_rain,0.0,34.0754,-84.2941
2026-10-03,US,weather_rain,0.0,33.7748,-84.2963
2026-10-03,US,weather_rain,0.008,21.3069,-157.8583
2026-10-03,US,weather_rain,0.012,21.4504,-158.015
2026-10-03,US,weather_rain,0.0,21.3156,-158.0072
2026-10-03,US,weather_rain,0.083,21.4024,-157.7405
2026-10-03,US,weather_rain,0.083,21.3999,-157.7989
2026-10-03,US,weather_rain,0.0,42.0083,-91.6441
2026-10-03,US,weather_rain,0.0,41.6611,-91.5302
2026-10-03,US,weather_rain,0.0,41.6005,-93.6091
2026-10-03,US,weather_rain,0.0,42.0347,-93.6199
2026-10-03,US,weather_rain,0.0,41.5772,-93.7113
2026-10-03,US,weather_rain,0.0,43.6135,-116.2035
2026-10-03,US,weather_rain,0.0,43.6121,-116.3915
2026-10-03,US,weather_rain,0.0,43.6954,-116.354
2026-10-03,US,weather_rain,0.0,43.4918,-116.4201
2026-10-03,US,weather_rain,0.0,41.85,-87.65
2026-10-03,US,weather_rain,0.0,41.7859,-88.1473
2026-10-03,US,weather_rain,0.0,42.0411,-87.6901
2026-10-03,US,weather_rain,0.0,42.0722,-87.7228
2026-10-03,US,weather_rain,0.0,41.8089,-88.0112
2026-10-03,US,weather_rain,0.0,39.7684,-86.158
2026-10-03,US,weather_rain,0.0,39.9784,-86.118
2026-10-03,US,weather_rain,0.0,41.1306,-85.1289
2026-10-03,US,weather_rain,0.0,39.1653,-86.5264
2026-10-03,US,weather_rain,0.0,40.4259,-86.9081
2026-10-03,US,weather_rain,0.0,37.6922,-97.3375
2026-10-03,US,weather_rain,0.0,38.9822,-94.6708
2026-10-03,US,weather_rain,0.0,38.8814,-94.8191
2026-10-03,US,weather_rain,0.0,38.9717,-95.2352
2026-10-03,US,weather_rain,0.0,38.9667,-94.6169
2026-10-03,US,weather_rain,0.0,38.2542,-85.7594
2026-10-03,US,weather_rain,0.0,37.9887,-84.4777
2026-10-03,US,weather_rain,0.0,36.9903,-86.4436
2026-10-03,US,weather_rain,0.0,37.0834,-88.6
2026-10-03,US,weather_rain,0.087,36.6084,-83.7166
2026-10-03,US,weather_rain,0.031,30.4433,-91.1875
2026-10-03,US,weather_rain,1.614,29.9547,-90.0751
2026-10-03,US,weather_rain,0.071,30.2241,-92.0198
2026-10-03,US,weather_rain,0.496,32.5251,-93.7502
2026-10-03,US,weather_rain,2.909,29.9841,-90.1529
2026-10-03,US,weather_rain,0.0,42.5256,-71.0953
2026-10-03,US,weather_rain,0.0,42.3584,-71.0598
2026-10-03,US,weather_rain,0.0,42.3751,-71.1056
2026-10-03,US,weather_rain,0.0,41.8459,-71.0828
2026-10-03,US,weather_rain,0.0,42.3876,-71.0995
2026-10-03,US,weather_rain,0.142,39.2904,-76.6122
2026-10-03,US,weather_rain,0.173,38.9807,-77.1003
2026-10-03,US,weather_rain,0.319,38.9907,-77.0261
2026-10-03,US,weather_rain,0.22,39.084,-77.1528
2026-10-03,US,weather_rain,0.39,38.9786,-76.4918
2026-10-03,US,weather_rain,0.0,43.6574,-70.2589
2026-10-03,US,weather_rain,0.0,43.5781,-70.3217
2026-10-03,US,weather_rain,0.0,43.7295,-70.242
2026-10-03,US,weather_rain,0.0,44.7988,-68.7726
2026-10-03,US,weather_rain,0.0,43.1531,-70.8001
2026-10-03,US,weather_rain,0.0,42.2776,-83.7409
2026-10-03,US,weather_rain,0.0,42.9634,-85.6681
2026-10-03,US,weather_rain,0.0,42.5836,-83.2455
2026-10-03,US,weather_rain,0.0,42.3714,-83.4702
2026-10-03,US,weather_rain,0.0,42.7009,-82.9591
2026-10-03,US,weather_rain,0.071,44.98,-93.2638
2026-10-03,US,weather_rain,0.016,44.9444,-93.0933
2026-10-03,US,weather_rain,0.016,45.0105,-93.4555
2026-10-03,US,weather_rain,0.016,44.9133,-93.5033
2026-10-03,US,weather_rain,0.031,44.8547,-93.4708
2026-10-03,US,weather_rain,0.0,38.6517,-90.2053
2026-10-03,US,weather_rain,0.0,39.0997,-94.5786
2026-10-03,US,weather_rain,0.0,38.6631,-90.5771
2026-10-03,US,weather_rain,0.0,38.7839,-90.4812
2026-10-03,US,weather_rain,0.0,37.2153,-93.2982
2026-10-03,US,weather_rain,0.0,32.4618,-90.1154
2026-10-03,US,weather_rain,5.185,30.3674,-89.0928
2026-10-03,US,weather_rain,0.016,31.3271,-89.2903
2026-10-03,US,weather_rain,0.0,32.2988,-90.1848
2026-10-03,US,weather_rain,0.0,34.989,-90.0126
2026-10-03,US,weather_rain,0.0,45.6797,-111.0386
2026-10-03,US,weather_rain,0.0,45.7833,-108.5007
2026-10-03,US,weather_rain,0.0,47.5002,-111.3008
2026-10-03,US,weather_rain,0.0,46.8721,-113.994
2026-10-03,US,weather_rain,0.0,48.1958,-114.3129
2026-10-03,US,weather_rain,1.039,35.2271,-80.8431
2026-10-03,US,weather_rain,0.398,35.7721,-78.6386
2026-10-03,US,weather_rain,0.213,35.994,-78.8986
2026-10-03,US,weather_rain,0.185,34.2356,-77.946
2026-10-03,US,weather_rain,0.315,35.9132,-79.0558
2026-10-03,US,weather_rain,0.0,46.8772,-96.7898
2026-10-03,US,weather_rain,0.0,46.875,-96.9004
2026-10-03,US,weather_rain,0.0,46.8083,-100.7837
2026-10-03,US,weather_rain,0.0,46.8792,-102.7896
2026-10-03,US,weather_rain,0.0,47.9253,-97.0328
2026-10-03,US,weather_rain,0.0,41.2563,-95.9404
2026-10-03,US,weather_rain,0.0,40.8,-96.667
2026-10-03,US,weather_rain,0.0,41.345,-96.256
2026-10-03,US,weather_rain,0.0,41.1367,-95.8908
2026-10-03,US,weather_rain,0.0,41.1544,-96.0422
2026-10-03,US,weather_rain,0.0,42.9956,-71.4548
2026-10-03,US,weather_rain,0.0,42.7654,-71.4676
2026-10-03,US,weather_rain,0.0,42.9376,-70.8389
2026-10-03,US,weather_rain,0.0,43.077,-70.7577
2026-10-03,US,weather_rain,0.0,42.9815,-70.9478
2026-10-03,US,weather_rain,0.0,40.7282,-74.0776
2026-10-03,US,weather_rain,0.0,40.744,-74.0324
2026-10-03,US,weather_rain,0.0,40.7968,-74.4815
2026-10-03,US,weather_rain,0.028,40.659,-74.3474
2026-10-03,US,weather_rain,0.016,40.3487,-74.659
2026-10-03,US,weather_rain,0.0,35.0845,-106.6511
2026-10-03,US,weather_rain,0.0,35.687,-105.9378
2026-10-03,US,weather_rain,0.0,32.3123,-106.7783
2026-10-03,US,weather_rain,0.0,35.0809,-106.3881
2026-10-03,US,weather_rain,0.0,35.8881,-106.307
2026-10-03,US,weather_rain,0.0,36.0397,-114.9819
2026-10-03,US,weather_rain,0.0,36.175,-115.1372
2026-10-03,US,weather_rain,0.0,39.5296,-119.8138
2026-10-03,US,weather_rain,0.0,39.1638,-119.7674
2026-10-03,US,weather_rain,0.0,36.1989,-115.1175
2026-10-03,US,weather_rain,0.0,40.7143,-74.006
2026-10-03,US,weather_rain,0.0,40.6501,-73.9496
2026-10-03,US,weather_rain,0.016,40.8499,-73.8664
2026-10-03,US,weather_rain,0.0,40.5623,-74.1399
2026-10-03,US,weather_rain,0.0,40.7721,-73.9301
2026-10-03,US,weather_rain,0.0,39.1271,-84.5144
2026-10-03,US,weather_rain,0.0,39.9612,-82.9988
2026-10-03,US,weather_rain,0.0,39.7589,-84.1916
2026-10-03,US,weather_rain,0.0,40.0992,-83.1141
2026-10-03,US,weather_rain,0.0,41.4995,-81.6954
2026-10-03,US,weather_rain,0.0,35.6528,-97.4781
2026-10-03,US,weather_rain,0.0,36.154,-95.9928
2026-10-03,US,weather_rain,0.0,35.4676,-97.5164
2026-10-03,US,weather_rain,0.031,35.2226,-97.4395
2026-10-03,US,weather_rain,0.0,36.0526,-95.7908
2026-10-03,US,weather_rain,0.0,45.5234,-122.6762
2026-10-03,US,weather_rain,0.0,45.4207,-122.6706
2026-10-03,US,weather_rain,0.0,45.4871,-122.8037
2026-10-03,US,weather_rain,0.0,44.0521,-123.0867
2026-10-03,US,weather_rain,0.0,44.9429,-123.0351
2026-10-03,US,weather_rain,0.016,39.9524,-75.1636
2026-10-03,US,weather_rain,0.0,40.4406,-79.9959
2026-10-03,US,weather_rain,0.016,40.0379,-76.3055
2026-10-03,US,weather_rain,0.043,39.961,-75.608
2026-10-03,US,weather_rain,0.016,40.3101,-75.1299
2026-10-03,US,weather_rain,0.0,41.824,-71.4128
2026-10-03,US,weather_rain,0.0,41.7407,-71.3087
2026-10-03,US,weather_rain,0.0,41.7798,-71.4373
2026-10-03,US,weather_rain,0.0,41.7001,-71.4162
2026-10-03,US,weather_rain,0.0,41.6604,-71.4559
2026-10-03,US,weather_rain,1.122,34.8526,-82.394
2026-10-03,US,weather_rain,0.059,32.7763,-79.9327
2026-10-03,US,weather_rain,0.626,32.7941,-79.8626
2026-10-03,US,weather_rain,0.028,34.0007,-81.0348
2026-10-03,US,weather_rain,0.0,33.6891,-78.8867
2026-10-03,US,weather_rain,0.0,43.55,-96.7003
2026-10-03,US,weather_rain,0.0,44.0805,-103.231
2026-10-03,US,weather_rain,0.0,43.3541,-96.892
2026-10-03,US,weather_rain,0.0,44.0061,-97.114
2026-10-03,US,weather_rain,0.016,45.4647,-98.4865
2026-10-03,US,weather_rain,0.0,36.1659,-86.7844
2026-10-03,US,weather_rain,0.055,35.9606,-83.9207
2026-10-03,US,weather_rain,0.0,35.1495,-90.049
2026-10-03,US,weather_rain,0.0,35.9251,-86.8689
2026-10-03,US,weather_rain,0.114,35.0456,-85.3097
2026-10-03,US,weather_rain,1.098,29.7633,-95.3633
2026-10-03,US,weather_rain,0.016,30.2672,-97.7431
2026-10-03,US,weather_rain,0.441,32.7831,-96.8067
2026-10-03,US,weather_rain,0.0,29.4241,-98.4936
2026-10-03,US,weather_rain,0.65,32.7254,-97.3208
2026-10-03,US,weather_rain,0.0,40.7608,-111.8911
2026-10-03,US,weather_rain,0.0,40.5622,-111.9297
2026-10-03,US,weather_rain,0.0,40.6461,-111.498
2026-10-03,US,weather_rain,0.0,40.5916,-111.8841
2026-10-03,US,weather_rain,0.382,38.8048,-77.0469
2026-10-03,US,weather_rain,0.303,38.881,-77.1043
2026-10-03,US,weather_rain,0.0,36.8529,-75.978
2026-10-03,US,weather_rain,0.13,37.5538,-77.4603
2026-10-03,US,weather_rain,0.398,38.8462,-77.3064
2026-10-03,US,weather_rain,0.0,44.4759,-73.2121
2026-10-03,US,weather_rain,0.0,44.4906,-73.111
2026-10-03,US,weather_rain,0.0,44.5939,-72.6165
2026-10-03,US,weather_rain,0.0,44.467,-73.171
2026-10-03,US,weather_rain,0.0,44.4653,-72.6846
2026-10-03,US,weather_rain,0.0,47.6062,-122.3321
2026-10-03,US,weather_rain,0.0,47.6104,-122.2007
2026-10-03,US,weather_rain,0.0,45.6387,-122.6615
2026-10-03,US,weather_rain,0.0,47.2529,-122.4443
2026-10-03,US,weather_rain,0.0,43.0389,-87.9065
2026-10-03,US,weather_rain,0.0,43.0731,-89.4012
2026-10-03,US,weather_rain,0.0,43.0117,-88.2315
2026-10-03,US,weather_rain,0.0,43.1133,-87.9001
2026-10-03,US,weather_rain,0.0,44.2619,-88.4154
2026-10-03,US,weather_rain,0.0,39.6295,-79.9559
2026-10-03,US,weather_rain,0.0,38.4192,-82.4451
2026-10-03,US,weather_rain,0.0,38.3498,-81.6326
2026-10-03,US,weather_rain,0.0,40.064,-80.7209
2026-10-03,US,weather_rain,0.0,38.4326,-82.0201
2026-10-03,US,weather_rain,0.0,41.14,-104.8203
2026-10-03,US,weather_rain,0.0,44.7972,-106.9562
2026-10-03,US,weather_rain,0.0,41.5875,-109.2029
2026-10-03,US,weather_rain,0.0,44.5263,-109.0565
2026-10-03,US,weather_rain,0.0,42.8666,-106.3131
2026-10-03,US,weather_rain,0.398,38.8951,-77.0364
2026-10-03,US,weather_rain,0.0,47.6777,-116.7805
2026-10-03,US,weather_rain,0.0,40.3144,-111.9849
2026-10-03,US,weather_rain,0.0,47.6569,-117.425
2026-10-03,US,weather_uv,1.55,61.2181,-149.9003
2026-10-03,US,weather_uv,1.75,64.8378,-147.7164
2026-10-03,US,weather_uv,1.0,57.0532,-135.3309
2026-10-03,US,weather_uv,0.3,60.5432,-145.7587
2026-10-03,US,weather_uv,1.65,61.5809,-149.4415
2026-10-03,US,weather_uv,5.55,33.5207,-86.8025
2026-10-03,US,weather_uv,4.35,34.7304,-86.5859
2026-10-03,US,weather_uv,6.7,30.6944,-88.043
2026-10-03,US,weather_uv,4.7,34.6993,-86.7483
2026-10-03,US,weather_uv,6.35,30.523,-87.9033
2026-10-03,US,weather_uv,4.9,34.7465,-92.2896
2026-10-03,US,weather_uv,5.4,35.8423,-90.7043
2026-10-03,US,weather_uv,5.1,36.3728,-94.2088
2026-10-03,US,weather_uv,4.15,36.0626,-94.1574
2026-10-03,US,weather_uv,4.95,36.332,-94.1185
2026-10-03,US,weather_uv,6.75,33.4484,-112.074
2026-10-03,US,weather_uv,7.05,32.2217,-110.9265
2026-10-03,US,weather_uv,6.8,33.5092,-111.899
2026-10-03,US,weather_uv,6.8,33.3528,-111.789
2026-10-03,US,weather_uv,6.8,33.4223,-111.8226
2026-10-03,US,weather_uv,6.6,34.0522,-118.2437
2026-10-03,US,weather_uv,5.95,37.7749,-122.4194
2026-10-03,US,weather_uv,6.75,32.7157,-117.1647
2026-10-03,US,weather_uv,6.05,37.3394,-121.895
2026-10-03,US,weather_uv,5.95,37.8044,-122.2708
2026-10-03,US,weather_uv,6.05,39.7392,-104.9847
2026-10-03,US,weather_uv,6.3,38.8339,-104.8214
2026-10-03,US,weather_uv,6.05,39.6133,-105.0166
2026-10-03,US,weather_uv,6.05,39.7294,-104.8319
2026-10-03,US,weather_uv,5.9,40.5853,-105.0844
2026-10-03,US,weather_uv,5.3,41.1176,-73.4079
2026-10-03,US,weather_uv,5.25,41.0265,-73.6285
2026-10-03,US,weather_uv,5.25,41.0534,-73.5387
2026-10-03,US,weather_uv,5.25,41.1412,-73.2637
2026-10-03,US,weather_uv,5.25,41.1468,-73.4948
2026-10-03,US,weather_uv,4.75,39.746,-75.5466
2026-10-03,US,weather_uv,4.7,39.6595,-75.5636
2026-10-03,US,weather_uv,0.9,38.7746,-75.1393
2026-10-03,US,weather_uv,4.7,39.6837,-75.7497
2026-10-03,US,weather_uv,2.7,39.4496,-75.7163
2026-10-03,US,weather_uv,4.4,25.7743,-80.1937
2026-10-03,US,weather_uv,6.8,28.5383,-81.3792
2026-10-03,US,weather_uv,6.2,26.1423,-81.796
2026-10-03,US,weather_uv,6.45,27.9475,-82.4584
2026-10-03,US,weather_uv,6.75,26.3587,-80.0831
2026-10-03,US,weather_uv,5.55,33.749,-84.388
2026-10-03,US,weather_uv,5.4,33.9526,-84.5499
2026-10-03,US,weather_uv,2.1,32.0835,-81.0998
2026-10-03,US,weather_uv,5.45,34.0754,-84.2941
2026-10-03,US,weather_uv,5.6,33.7748,-84.2963
2026-10-03,US,weather_uv,8.2,21.3069,-157.8583
2026-10-03,US,weather_uv,8.2,21.4504,-158.015
2026-10-03,US,weather_uv,8.2,21.3156,-158.0072
2026-10-03,US,weather_uv,8.2,21.4024,-157.7405
2026-10-03,US,weather_uv,8.2,21.3999,-157.7989
2026-10-03,US,weather_uv,5.1,42.0083,-91.6441
2026-10-03,US,weather_uv,5.15,41.6611,-91.5302
2026-10-03,US,weather_uv,5.2,41.6005,-93.6091
2026-10-03,US,weather_uv,5.05,42.0347,-93.6199
2026-10-03,US,weather_uv,5.25,41.5772,-93.7113
2026-10-03,US,weather_uv,5.2,43.6135,-116.2035
2026-10-03,US,weather_uv,5.2,43.6121,-116.3915
2026-10-03,US,weather_uv,5.2,43.6954,-116.354
2026-10-03,US,weather_uv,5.2,43.4918,-116.4201
2026-10-03,US,weather_uv,5.1,41.85,-87.65
2026-10-03,US,weather_uv,5.1,41.7859,-88.1473
2026-10-03,US,weather_uv,5.05,42.0411,-87.6901
2026-10-03,US,weather_uv,5.05,42.0722,-87.7228
2026-10-03,US,weather_uv,5.1,41.8089,-88.0112
2026-10-03,US,weather_uv,5.4,39.7684,-86.158
2026-10-03,US,weather_uv,5.35,39.9784,-86.118
2026-10-03,US,weather_uv,5.1,41.1306,-85.1289
2026-10-03,US,weather_uv,5.45,39.1653,-86.5264
2026-10-03,US,weather_uv,5.3,40.4259,-86.9081
2026-10-03,US,weather_uv,5.95,37.6922,-97.3375
2026-10-03,US,weather_uv,5.65,38.9822,-94.6708
2026-10-03,US,weather_uv,5.7,38.8814,-94.8191
2026-10-03,US,weather_uv,5.7,38.9717,-95.2352
2026-10-03,US,weather_uv,5.65,38.9667,-94.6169
2026-10-03,US,weather_uv,5.55,38.2542,-85.7594
2026-10-03,US,weather_uv,5.6,37.9887,-84.4777
2026-10-03,US,weather_uv,5.35,36.9903,-86.4436
2026-10-03,US,weather_uv,5.25,37.0834,-88.6
2026-10-03,US,weather_uv,1.95,36.6084,-83.7166
2026-10-03,US,weather_uv,5.25,30.4433,-91.1875
2026-10-03,US,weather_uv,5.7,29.9547,-90.0751
2026-10-03,US,weather_uv,5.7,30.2241,-92.0198
2026-10-03,US,weather_uv,4.8,32.5251,-93.7502
2026-10-03,US,weather_uv,5.7,29.9841,-90.1529
2026-10-03,US,weather_uv,5.15,42.5256,-71.0953
2026-10-03,US,weather_uv,5.2,42.3584,-71.0598
2026-10-03,US,weather_uv,5.2,42.3751,-71.1056
2026-10-03,US,weather_uv,5.25,41.8459,-71.0828
2026-10-03,US,weather_uv,5.2,42.3876,-71.0995
2026-10-03,US,weather_uv,1.0,39.2904,-76.6122
2026-10-03,US,weather_uv,1.3,38.9807,-77.1003
2026-10-03,US,weather_uv,1.25,38.9907,-77.0261
2026-10-03,US,weather_uv,1.3,39.084,-77.1528
2026-10-03,US,weather_uv,1.35,38.9786,-76.4918
2026-10-03,US,weather_uv,4.95,43.6574,-70.2589
2026-10-03,US,weather_uv,4.95,43.5781,-70.3217
2026-10-03,US,weather_uv,4.95,43.7295,-70.242
2026-10-03,US,weather_uv,4.8,44.7988,-68.7726
2026-10-03,US,weather_uv,5.05,43.1531,-70.8001
2026-10-03,US,weather_uv,4.95,42.2776,-83.7409
2026-10-03,US,weather_uv,4.85,42.9634,-85.6681
2026-10-03,US,weather_uv,4.9,42.5836,-83.2455
2026-10-03,US,weather_uv,4.95,42.3714,-83.4702
2026-10-03,US,weather_uv,4.85,42.7009,-82.9591
2026-10-03,US,weather_uv,4.2,44.98,-93.2638
2026-10-03,US,weather_uv,4.1,44.9444,-93.0933
2026-10-03,US,weather_uv,4.4,45.0105,-93.4555
2026-10-03,US,weather_uv,4.2,44.9133,-93.5033
2026-10-03,US,weather_uv,3.95,44.8547,-93.4708
2026-10-03,US,weather_uv,5.55,38.6517,-90.2053
2026-10-03,US,weather_uv,5.65,39.0997,-94.5786
2026-10-03,US,weather_uv,5.55,38.6631,-90.5771
2026-10-03,US,weather_uv,5.55,38.7839,-90.4812
2026-10-03,US,weather_uv,4.85,37.2153,-93.2982
2026-10-03,US,weather_uv,6.25,32.4618,-90.1154
2026-10-03,US,weather_uv,6.25,30.3674,-89.0928
2026-10-03,US,weather_uv,5.85,31.3271,-89.2903
2026-10-03,US,weather_uv,6.15,32.2988,-90.1848
2026-10-03,US,weather_uv,4.45,34.989,-90.0126
2026-10-03,US,weather_uv,5.1,45.6797,-111.0386
2026-10-03,US,weather_uv,4.9,45.7833,-108.5007
2026-10-03,US,weather_uv,4.25,47.5002,-111.3008
2026-10-03,US,weather_uv,4.0,46.8721,-113.994
2026-10-03,US,weather_uv,3.8,48.1958,-114.3129
2026-10-03,US,weather_uv,5.55,35.2271,-80.8431
2026-10-03,US,weather_uv,5.5,35.7721,-78.6386
2026-10-03,US,weather_uv,4.4,35.994,-78.8986
2026-10-03,US,weather_uv,6.15,34.2356,-77.946
2026-10-03,US,weather_uv,5.2,35.9132,-79.0558
2026-10-03,US,weather_uv,4.15,46.8772,-96.7898
2026-10-03,US,weather_uv,4.1,46.875,-96.9004
2026-10-03,US,weather_uv,4.6,46.8083,-100.7837
2026-10-03,US,weather_uv,4.65,46.8792,-102.7896
2026-10-03,US,weather_uv,3.95,47.9253,-97.0328
2026-10-03,US,weather_uv,5.35,41.2563,-95.9404
2026-10-03,US,weather_uv,5.5,40.8,-96.667
2026-10-03,US,weather_uv,5.4,41.345,-96.256
2026-10-03,US,weather_uv,5.4,41.1367,-95.8908
2026-10-03,US,weather_uv,5.4,41.1544,-96.0422
2026-10-03,US,weather_uv,5.1,42.9956,-71.4548
2026-10-03,US,weather_uv,5.1,42.7654,-71.4676
2026-10-03,US,weather_uv,5.1,42.9376,-70.8389
2026-10-03,US,weather_uv,5.1,43.077,-70.7577
2026-10-03,US,weather_uv,5.1,42.9815,-70.9478
2026-10-03,US,weather_uv,5.35,40.7282,-74.0776
2026-10-03,US,weather_uv,5.35,40.744,-74.0324
2026-10-03,US,weather_uv,5.3,40.7968,-74.4815
2026-10-03,US,weather_uv,5.3,40.659,-74.3474
2026-10-03,US,weather_uv,5.3,40.3487,-74.659
2026-10-03,US,weather_uv,6.65,35.0845,-106.6511
2026-10-03,US,weather_uv,6.65,35.687,-105.9378
2026-10-03,US,weather_uv,6.95,32.3123,-106.7783
2026-10-03,US,weather_uv,6.65,35.0809,-106.3881
2026-10-03,US,weather_uv,6.65,35.8881,-106.307
2026-10-03,US,weather_uv,6.3,36.0397,-114.9819
2026-10-03,US,weather_uv,6.5,36.175,-115.1372
2026-10-03,US,weather_uv,6.0,39.5296,-119.8138
2026-10-03,US,weather_uv,5.8,39.1638,-119.7674
2026-10-03,US,weather_uv,6.5,36.1989,-115.1175
2026-10-03,US,weather_uv,5.35,40.7143,-74.006
2026-10-03,US,weather_uv,5.35,40.6501,-73.9496
2026-10-03,US,weather_uv,5.3,40.8499,-73.8664
2026-10-03,US,weather_uv,5.3,40.5623,-74.1399
2026-10-03,US,weather_uv,5.3,40.7721,-73.9301
2026-10-03,US,weather_uv,5.4,39.1271,-84.5144
2026-10-03,US,weather_uv,5.3,39.9612,-82.9988
2026-10-03,US,weather_uv,5.35,39.7589,-84.1916
2026-10-03,US,weather_uv,5.3,40.0992,-83.1141
2026-10-03,US,weather_uv,5.05,41.4995,-81.6954
2026-10-03,US,weather_uv,4.05,35.6528,-97.4781
2026-10-03,US,weather_uv,5.1,36.154,-95.9928
2026-10-03,US,weather_uv,2.9,35.4676,-97.5164
2026-10-03,US,weather_uv,2.2,35.2226,-97.4395
2026-10-03,US,weather_uv,3.85,36.0526,-95.7908
2026-10-03,US,weather_uv,4.7,45.5234,-122.6762
2026-10-03,US,weather_uv,4.7,45.4207,-122.6706
2026-10-03,US,weather_uv,4.7,45.4871,-122.8037
2026-10-03,US,weather_uv,4.9,44.0521,-123.0867
2026-10-03,US,weather_uv,4.8,44.9429,-123.0351
2026-10-03,US,weather_uv,4.85,39.9524,-75.1636
2026-10-03,US,weather_uv,5.2,40.4406,-79.9959
2026-10-03,US,weather_uv,5.15,40.0379,-76.3055
2026-10-03,US,weather_uv,4.9,39.961,-75.608
2026-10-03,US,weather_uv,5.05,40.3101,-75.1299
2026-10-03,US,weather_uv,5.25,41.824,-71.4128
2026-10-03,US,weather_uv,5.25,41.7407,-71.3087
2026-10-03,US,weather_uv,5.25,41.7798,-71.4373
2026-10-03,US,weather_uv,5.25,41.7001,-71.4162
2026-10-03,US,weather_uv,5.25,41.6604,-71.4559
2026-10-03,US,weather_uv,5.6,34.8526,-82.394
2026-10-03,US,weather_uv,2.15,32.7763,-79.9327
2026-10-03,US,weather_uv,2.15,32.7941,-79.8626
2026-10-03,US,weather_uv,5.4,34.0007,-81.0348
2026-10-03,US,weather_uv,6.0,33.6891,-78.8867
2026-10-03,US,weather_uv,5.05,43.55,-96.7003
2026-10-03,US,weather_uv,5.2,44.0805,-103.231
2026-10-03,US,weather_uv,5.1,43.3541,-96.892
2026-10-03,US,weather_uv,5.0,44.0061,-97.114
2026-10-03,US,weather_uv,4.35,45.4647,-98.4865
2026-10-03,US,weather_uv,5.65,36.1659,-86.7844
2026-10-03,US,weather_uv,5.6,35.9606,-83.9207
2026-10-03,US,weather_uv,5.05,35.1495,-90.049
2026-10-03,US,weather_uv,5.7,35.9251,-86.8689
2026-10-03,US,weather_uv,3.65,35.0456,-85.3097
2026-10-03,US,weather_uv,5.05,29.7633,-95.3633
2026-10-03,US,weather_uv,5.35,30.2672,-97.7431
2026-10-03,US,weather_uv,1.65,32.7831,-96.8067
2026-10-03,US,weather_uv,6.45,29.4241,-98.4936
2026-10-03,US,weather_uv,3.2,32.7254,-97.3208
2026-10-03,US,weather_uv,5.55,40.7608,-111.8911
2026-10-03,US,weather_uv,5.6,40.5622,-111.9297
2026-10-03,US,weather_uv,5.35,40.6461,-111.498
2026-10-03,US,weather_uv,5.6,40.5916,-111.8841
2026-10-03,US,weather_uv,1.05,38.8048,-77.0469
2026-10-03,US,weather_uv,0.9,38.881,-77.1043
2026-10-03,US,weather_uv,2.8,36.8529,-75.978
2026-10-03,US,weather_uv,1.5,37.5538,-77.4603
2026-10-03,US,weather_uv,0.95,38.8462,-77.3064
2026-10-03,US,weather_uv,4.8,44.4759,-73.2121
2026-10-03,US,weather_uv,4.8,44.4906,-73.111
2026-10-03,US,weather_uv,4.85,44.5939,-72.6165
2026-10-03,US,weather_uv,4.8,44.467,-73.171
2026-10-03,US,weather_uv,4.85,44.4653,-72.6846
2026-10-03,US,weather_uv,4.4,47.6062,-122.3321
2026-10-03,US,weather_uv,4.4,47.6104,-122.2007
2026-10-03,US,weather_uv,4.7,45.6387,-122.6615
2026-10-03,US,weather_uv,4.4,47.2529,-122.4443
2026-10-03,US,weather_uv,4.85,43.0389,-87.9065
2026-10-03,US,weather_uv,4.85,43.0731,-89.4012
2026-10-03,US,weather_uv,4.85,43.0117,-88.2315
2026-10-03,US,weather_uv,4.85,43.1133,-87.9001
2026-10-03,US,weather_uv,4.65,44.2619,-88.4154
2026-10-03,US,weather_uv,5.5,39.6295,-79.9559
2026-10-03,US,weather_uv,5.45,38.4192,-82.4451
2026-10-03,US,weather_uv,5.45,38.3498,-81.6326
2026-10-03,US,weather_uv,5.25,40.064,-80.7209
2026-10-03,US,weather_uv,5.45,38.4326,-82.0201
2026-10-03,US,weather_uv,5.85,41.14,-104.8203
2026-10-03,US,weather_uv,5.15,44.7972,-106.9562
2026-10-03,US,weather_uv,5.8,41.5875,-109.2029
2026-10-03,US,weather_uv,5.35,44.5263,-109.0565
2026-10-03,US,weather_uv,5.6,42.8666,-106.3131
2026-10-03,US,weather_uv,1.25,38.8951,-77.0364
2026-10-03,US,weather_uv,3.85,47.6777,-116.7805
2026-10-03,US,weather_uv,5.75,40.3144,-111.9849
2026-10-03,US,weather_uv,4.15,47.6569,-117.425
2026-10-03,US,weather_yesterday_rain,0.016,61.2181,-149.9003
2026-10-03,US,weather_yesterday_rain,0.0,64.8378,-147.7164
2026-10-03,US,weather_yesterday_rain,0.157,57.0532,-135.3309
2026-10-03,US,weather_yesterday_rain,0.055,60.5432,-145.7587
2026-10-03,US,weather_yesterday_rain,0.094,61.5809,-149.4415
2026-10-03,US,weather_yesterday_rain,0.024,33.5207,-86.8025
2026-10-03,US,weather_yesterday_rain,0.114,34.7304,-86.5859
2026-10-03,US,weather_yesterday_rain,0.358,30.6944,-88.043
2026-10-03,US,weather_yesterday_rain,0.122,34.6993,-86.7483
2026-10-03,US,weather_yesterday_rain,0.323,30.523,-87.9033
2026-10-03,US,weather_yesterday_rain,0.496,34.7465,-92.2896
2026-10-03,US,weather_yesterday_rain,0.862,35.8423,-90.7043
2026-10-03,US,weather_yesterday_rain,0.091,36.3728,-94.2088
2026-10-03,US,weather_yesterday_rain,0.268,36.0626,-94.1574
2026-10-03,US,weather_yesterday_rain,0.169,36.332,-94.1185
2026-10-03,US,weather_yesterday_rain,0.0,33.4484,-112.074
2026-10-03,US,weather_yesterday_rain,0.0,32.2217,-110.9265
2026-10-03,US,weather_yesterday_rain,0.0,33.5092,-111.899
2026-10-03,US,weather_yesterday_rain,0.0,33.3528,-111.789
2026-10-03,US,weather_yesterday_rain,0.0,33.4223,-111.8226
2026-10-03,US,weather_yesterday_rain,0.0,34.0522,-118.2437
2026-10-03,US,weather_yesterday_rain,0.0,37.7749,-122.4194
2026-10-03,US,weather_yesterday_rain,0.0,32.7157,-117.1647
2026-10-03,US,weather_yesterday_rain,0.0,37.3394,-121.895
2026-10-03,US,weather_yesterday_rain,0.0,37.8044,-122.2708
2026-10-03,US,weather_yesterday_rain,0.0,39.7392,-104.9847
2026-10-03,US,weather_yesterday_rain,0.004,38.8339,-104.8214
2026-10-03,US,weather_yesterday_rain,0.0,39.6133,-105.0166
2026-10-03,US,weather_yesterday_rain,0.0,39.7294,-104.8319
2026-10-03,US,weather_yesterday_rain,0.0,40.5853,-105.0844
2026-10-03,US,weather_yesterday_rain,0.02,41.1176,-73.4079
2026-10-03,US,weather_yesterday_rain,0.028,41.0265,-73.6285
2026-10-03,US,weather_yesterday_rain,0.039,41.0534,-73.5387
2026-10-03,US,weather_yesterday_rain,0.016,41.1412,-73.2637
2026-10-03,US,weather_yesterday_rain,0.02,41.1468,-73.4948
2026-10-03,US,weather_yesterday_rain,0.071,39.746,-75.5466
2026-10-03,US,weather_yesterday_rain,0.024,39.6595,-75.5636
2026-10-03,US,weather_yesterday_rain,0.0,38.7746,-75.1393
2026-10-03,US,weather_yesterday_rain,0.059,39.6837,-75.7497
2026-10-03,US,weather_yesterday_rain,0.0,39.4496,-75.7163
2026-10-03,US,weather_yesterday_rain,0.11,25.7743,-80.1937
2026-10-03,US,weather_yesterday_rain,0.866,28.5383,-81.3792
2026-10-03,US,weather_yesterday_rain,0.024,26.1423,-81.796
2026-10-03,US,weather_yesterday_rain,0.138,27.9475,-82.4584
2026-10-03,US,weather_yesterday_rain,0.15,26.3587,-80.0831
2026-10-03,US,weather_yesterday_rain,0.016,33.749,-84.388
2026-10-03,US,weather_yesterday_rain,0.02,33.9526,-84.5499
2026-10-03,US,weather_yesterday_rain,0.26,32.0835,-81.0998
2026-10-03,US,weather_yesterday_rain,0.031,34.0754,-84.2941
2026-10-03,US,weather_yesterday_rain,0.028,33.7748,-84.2963
2026-10-03,US,weather_yesterday_rain,0.236,21.3069,-157.8583
2026-10-03,US,weather_yesterday_rain,0.106,21.4504,-158.015
2026-10-03,US,weather_yesterday_rain,0.083,21.3156,-158.0072
2026-10-03,US,weather_yesterday_rain,0.193,21.4024,-157.7405
2026-10-03,US,weather_yesterday_rain,0.193,21.3999,-157.7989
2026-10-03,US,weather_yesterday_rain,0.024,42.0083,-91.6441
2026-10-03,US,weather_yesterday_rain,0.051,41.6611,-91.5302
2026-10-03,US,weather_yesterday_rain,0.0,41.6005,-93.6091
2026-10-03,US,weather_yesterday_rain,0.0,42.0347,-93.6199
2026-10-03,US,weather_yesterday_rain,0.0,41.5772,-93.7113
2026-10-03,US,weather_yesterday_rain,0.0,43.6135,-116.2035
2026-10-03,US,weather_yesterday_rain,0.0,43.6121,-116.3915
2026-10-03,US,weather_yesterday_rain,0.0,43.6954,-116.354
2026-10-03,US,weather_yesterday_rain,0.0,43.4918,-116.4201
2026-10-03,US,weather_yesterday_rain,0.807,41.85,-87.65
2026-10-03,US,weather_yesterday_rain,0.799,41.7859,-88.1473
2026-10-03,US,weather_yesterday_rain,0.673,42.0411,-87.6901
2026-10-03,US,weather_yesterday_rain,0.673,42.0722,-87.7228
2026-10-03,US,weather_yesterday_rain,0.846,41.8089,-88.0112
2026-10-03,US,weather_yesterday_rain,0.516,39.7684,-86.158
2026-10-03,US,weather_yesterday_rain,0.256,39.9784,-86.118
2026-10-03,US,weather_yesterday_rain,0.744,41.1306,-85.1289
2026-10-03,US,weather_yesterday_rain,0.362,39.1653,-86.5264
2026-10-03,US,weather_yesterday_rain,0.441,40.4259,-86.9081
2026-10-03,US,weather_yesterday_rain,1.571,37.6922,-97.3375
2026-10-03,US,weather_yesterday_rain,0.626,38.9822,-94.6708
2026-10-03,US,weather_yesterday_rain,0.689,38.8814,-94.8191
2026-10-03,US,weather_yesterday_rain,0.697,38.9717,-95.2352
2026-10-03,US,weather_yesterday_rain,0.437,38.9667,-94.6169
2026-10-03,US,weather_yesterday_rain,0.504,38.2542,-85.7594
2026-10-03,US,weather_yesterday_rain,0.177,37.9887,-84.4777
2026-10-03,US,weather_yesterday_rain,0.299,36.9903,-86.4436
2026-10-03,US,weather_yesterday_rain,1.335,37.0834,-88.6
2026-10-03,US,weather_yesterday_rain,0.087,36.6084,-83.7166
2026-10-03,US,weather_yesterday_rain,0.205,30.4433,-91.1875
2026-10-03,US,weather_yesterday_rain,0.205,29.9547,-90.0751
2026-10-03,US,weather_yesterday_rain,0.299,30.2241,-92.0198
2026-10-03,US,weather_yesterday_rain,0.504,32.5251,-93.7502
2026-10-03,US,weather_yesterday_rain,0.205,29.9841,-90.1529
2026-10-03,US,weather_yesterday_rain,0.024,42.5256,-71.0953
2026-10-03,US,weather_yesterday_rain,0.039,42.3584,-71.0598
2026-10-03,US,weather_yesterday_rain,0.039,42.3751,-71.1056
2026-10-03,US,weather_yesterday_rain,0.004,41.8459,-71.0828
2026-10-03,US,weather_yesterday_rain,0.043,42.3876,-71.0995
2026-10-03,US,weather_yesterday_rain,0.008,39.2904,-76.6122
2026-10-03,US,weather_yesterday_rain,0.004,38.9807,-77.1003
2026-10-03,US,weather_yesterday_rain,0.004,38.9907,-77.0261
2026-10-03,US,weather_yesterday_rain,0.012,39.084,-77.1528
2026-10-03,US,weather_yesterday_rain,0.0,38.9786,-76.4918
2026-10-03,US,weather_yesterday_rain,0.193,43.6574,-70.2589
2026-10-03,US,weather_yesterday_rain,0.071,43.5781,-70.3217
2026-10-03,US,weather_yesterday_rain,0.079,43.7295,-70.242
2026-10-03,US,weather_yesterday_rain,0.201,44.7988,-68.7726
2026-10-03,US,weather_yesterday_rain,0.051,43.1531,-70.8001
2026-10-03,US,weather_yesterday_rain,0.921,42.2776,-83.7409
2026-10-03,US,weather_yesterday_rain,0.331,42.9634,-85.6681
2026-10-03,US,weather_yesterday_rain,1.075,42.5836,-83.2455
2026-10-03,US,weather_yesterday_rain,1.146,42.3714,-83.4702
2026-10-03,US,weather_yesterday_rain,1.035,42.7009,-82.9591
2026-10-03,US,weather_yesterday_rain,0.0,44.98,-93.2638
2026-10-03,US,weather_yesterday_rain,0.0,44.9444,-93.0933
2026-10-03,US,weather_yesterday_rain,0.0,45.0105,-93.4555
2026-10-03,US,weather_yesterday_rain,0.0,44.9133,-93.5033
2026-10-03,US,weather_yesterday_rain,0.0,44.8547,-93.4708
2026-10-03,US,weather_yesterday_rain,0.504,38.6517,-90.2053
2026-10-03,US,weather_yesterday_rain,0.728,39.0997,-94.5786
2026-10-03,US,weather_yesterday_rain,0.429,38.6631,-90.5771
2026-10-03,US,weather_yesterday_rain,0.268,38.7839,-90.4812
2026-10-03,US,weather_yesterday_rain,0.067,37.2153,-93.2982
2026-10-03,US,weather_yesterday_rain,0.118,32.4618,-90.1154
2026-10-03,US,weather_yesterday_rain,0.189,30.3674,-89.0928
2026-10-03,US,weather_yesterday_rain,0.067,31.3271,-89.2903
2026-10-03,US,weather_yesterday_rain,0.559,32.2988,-90.1848
2026-10-03,US,weather_yesterday_rain,0.583,34.989,-90.0126
2026-10-03,US,weather_yesterday_rain,0.0,45.6797,-111.0386
2026-10-03,US,weather_yesterday_rain,0.0,45.7833,-108.5007
2026-10-03,US,weather_yesterday_rain,0.0,47.5002,-111.3008
2026-10-03,US,weather_yesterday_rain,0.0,46.8721,-113.994
2026-10-03,US,weather_yesterday_rain,0.0,48.1958,-114.3129
2026-10-03,US,weather_yesterday_rain,0.008,35.2271,-80.8431
2026-10-03,US,weather_yesterday_rain,0.0,35.7721,-78.6386
2026-10-03,US,weather_yesterday_rain,0.0,35.994,-78.8986
2026-10-03,US,weather_yesterday_rain,0.028,34.2356,-77.946
2026-10-03,US,weather_yesterday_rain,0.0,35.9132,-79.0558
2026-10-03,US,weather_yesterday_rain,0.0,46.8772,-96.7898
2026-10-03,US,weather_yesterday_rain,0.0,46.875,-96.9004
2026-10-03,US,weather_yesterday_rain,0.0,46.8083,-100.7837
2026-10-03,US,weather_yesterday_rain,0.0,46.8792,-102.7896
2026-10-03,US,weather_yesterday_rain,0.0,47.9253,-97.0328
2026-10-03,US,weather_yesterday_rain,0.0,41.2563,-95.9404
2026-10-03,US,weather_yesterday_rain,0.0,40.8,-96.667
2026-10-03,US,weather_yesterday_rain,0.0,41.345,-96.256
2026-10-03,US,weather_yesterday_rain,0.0,41.1367,-95.8908
2026-10-03,US,weather_yesterday_rain,0.0,41.1544,-96.0422
2026-10-03,US,weather_yesterday_rain,0.028,42.9956,-71.4548
2026-10-03,US,weather_yesterday_rain,0.028,42.7654,-71.4676
2026-10-03,US,weather_yesterday_rain,0.051,42.9376,-70.8389
2026-10-03,US,weather_yesterday_rain,0.051,43.077,-70.7577
2026-10-03,US,weather_yesterday_rain,0.031,42.9815,-70.9478
2026-10-03,US,weather_yesterday_rain,0.016,40.7282,-74.0776
2026-10-03,US,weather_yesterday_rain,0.016,40.744,-74.0324
2026-10-03,US,weather_yesterday_rain,0.031,40.7968,-74.4815
2026-10-03,US,weather_yesterday_rain,0.012,40.659,-74.3474
2026-10-03,US,weather_yesterday_rain,0.031,40.3487,-74.659
2026-10-03,US,weather_yesterday_rain,0.0,35.0845,-106.6511
2026-10-03,US,weather_yesterday_rain,0.0,35.687,-105.9378
2026-10-03,US,weather_yesterday_rain,0.059,32.3123,-106.7783
2026-10-03,US,weather_yesterday_rain,0.0,35.0809,-106.3881
2026-10-03,US,weather_yesterday_rain,0.0,35.8881,-106.307
2026-10-03,US,weather_yesterday_rain,0.0,36.0397,-114.9819
2026-10-03,US,weather_yesterday_rain,0.0,36.175,-115.1372
2026-10-03,US,weather_yesterday_rain,0.0,39.5296,-119.8138
2026-10-03,US,weather_yesterday_rain,0.0,39.1638,-119.7674
2026-10-03,US,weather_yesterday_rain,0.0,36.1989,-115.1175
2026-10-03,US,weather_yesterday_rain,0.016,40.7143,-74.006
2026-10-03,US,weather_yesterday_rain,0.004,40.6501,-73.9496
2026-10-03,US,weather_yesterday_rain,0.055,40.8499,-73.8664
2026-10-03,US,weather_yesterday_rain,0.016,40.5623,-74.1399
2026-10-03,US,weather_yesterday_rain,0.016,40.7721,-73.9301
2026-10-03,US,weather_yesterday_rain,0.409,39.1271,-84.5144
2026-10-03,US,weather_yesterday_rain,0.323,39.9612,-82.9988
2026-10-03,US,weather_yesterday_rain,0.398,39.7589,-84.1916
2026-10-03,US,weather_yesterday_rain,0.402,40.0992,-83.1141
2026-10-03,US,weather_yesterday_rain,0.339,41.4995,-81.6954
2026-10-03,US,weather_yesterday_rain,0.118,35.6528,-97.4781
2026-10-03,US,weather_yesterday_rain,0.126,36.154,-95.9928
2026-10-03,US,weather_yesterday_rain,0.043,35.4676,-97.5164
2026-10-03,US,weather_yesterday_rain,0.031,35.2226,-97.4395
2026-10-03,US,weather_yesterday_rain,0.126,36.0526,-95.7908
2026-10-03,US,weather_yesterday_rain,0.0,45.5234,-122.6762
2026-10-03,US,weather_yesterday_rain,0.0,45.4207,-122.6706
2026-10-03,US,weather_yesterday_rain,0.0,45.4871,-122.8037
2026-10-03,US,weather_yesterday_rain,0.0,44.0521,-123.0867
2026-10-03,US,weather_yesterday_rain,0.0,44.9429,-123.0351
2026-10-03,US,weather_yesterday_rain,0.173,39.9524,-75.1636
2026-10-03,US,weather_yesterday_rain,0.114,40.4406,-79.9959
2026-10-03,US,weather_yesterday_rain,0.043,40.0379,-76.3055
2026-10-03,US,weather_yesterday_rain,0.11,39.961,-75.608
2026-10-03,US,weather_yesterday_rain,0.051,40.3101,-75.1299
2026-10-03,US,weather_yesterday_rain,0.031,41.824,-71.4128
2026-10-03,US,weather_yesterday_rain,0.008,41.7407,-71.3087
2026-10-03,US,weather_yesterday_rain,0.02,41.7798,-71.4373
2026-10-03,US,weather_yesterday_rain,0.0,41.7001,-71.4162
2026-10-03,US,weather_yesterday_rain,0.0,41.6604,-71.4559
2026-10-03,US,weather_yesterday_rain,0.094,34.8526,-82.394
2026-10-03,US,weather_yesterday_rain,0.035,32.7763,-79.9327
2026-10-03,US,weather_yesterday_rain,0.035,32.7941,-79.8626
2026-10-03,US,weather_yesterday_rain,0.0,34.0007,-81.0348
2026-10-03,US,weather_yesterday_rain,0.067,33.6891,-78.8867
2026-10-03,US,weather_yesterday_rain,0.0,43.55,-96.7003
2026-10-03,US,weather_yesterday_rain,0.0,44.0805,-103.231
2026-10-03,US,weather_yesterday_rain,0.0,43.3541,-96.892
2026-10-03,US,weather_yesterday_rain,0.0,44.0061,-97.114
2026-10-03,US,weather_yesterday_rain,0.004,45.4647,-98.4865
2026-10-03,US,weather_yesterday_rain,0.591,36.1659,-86.7844
2026-10-03,US,weather_yesterday_rain,0.02,35.9606,-83.9207
2026-10-03,US,weather_yesterday_rain,0.74,35.1495,-90.049
2026-10-03,US,weather_yesterday_rain,0.48,35.9251,-86.8689
2026-10-03,US,weather_yesterday_rain,0.028,35.0456,-85.3097
2026-10-03,US,weather_yesterday_rain,0.386,29.7633,-95.3633
2026-10-03,US,weather_yesterday_rain,2.957,30.2672,-97.7431
2026-10-03,US,weather_yesterday_rain,1.173,32.7831,-96.8067
2026-10-03,US,weather_yesterday_rain,1.094,29.4241,-98.4936
2026-10-03,US,weather_yesterday_rain,0.409,32.7254,-97.3208
2026-10-03,US,weather_yesterday_rain,0.0,40.7608,-111.8911
2026-10-03,US,weather_yesterday_rain,0.0,40.5622,-111.9297
2026-10-03,US,weather_yesterday_rain,0.0,40.6461,-111.498
2026-10-03,US,weather_yesterday_rain,0.0,40.5916,-111.8841
2026-10-03,US,weather_yesterday_rain,0.004,38.8048,-77.0469
2026-10-03,US,weather_yesterday_rain,0.004,38.881,-77.1043
2026-10-03,US,weather_yesterday_rain,0.0,36.8529,-75.978
2026-10-03,US,weather_yesterday_rain,0.0,37.5538,-77.4603
2026-10-03,US,weather_yesterday_rain,0.004,38.8462,-77.3064
2026-10-03,US,weather_yesterday_rain,0.508,44.4759,-73.2121
2026-10-03,US,weather_yesterday_rain,0.488,44.4906,-73.111
2026-10-03,US,weather_yesterday_rain,0.472,44.5939,-72.6165
2026-10-03,US,weather_yesterday_rain,0.508,44.467,-73.171
2026-10-03,US,weather_yesterday_rain,0.606,44.4653,-72.6846
2026-10-03,US,weather_yesterday_rain,0.0,47.6062,-122.3321
2026-10-03,US,weather_yesterday_rain,0.0,47.6104,-122.2007
2026-10-03,US,weather_yesterday_rain,0.0,45.6387,-122.6615
2026-10-03,US,weather_yesterday_rain,0.0,47.2529,-122.4443
2026-10-03,US,weather_yesterday_rain,0.248,43.0389,-87.9065
2026-10-03,US,weather_yesterday_rain,0.035,43.0731,-89.4012
2026-10-03,US,weather_yesterday_rain,0.228,43.0117,-88.2315
2026-10-03,US,weather_yesterday_rain,0.22,43.1133,-87.9001
2026-10-03,US,weather_yesterday_rain,0.0,44.2619,-88.4154
2026-10-03,US,weather_yesterday_rain,0.173,39.6295,-79.9559
2026-10-03,US,weather_yesterday_rain,0.165,38.4192,-82.4451
2026-10-03,US,weather_yesterday_rain,0.161,38.3498,-81.6326
2026-10-03,US,weather_yesterday_rain,0.122,40.064,-80.7209
2026-10-03,US,weather_yesterday_rain,0.142,38.4326,-82.0201
2026-10-03,US,weather_yesterday_rain,0.0,41.14,-104.8203
2026-10-03,US,weather_yesterday_rain,0.0,44.7972,-106.9562
2026-10-03,US,weather_yesterday_rain,0.0,41.5875,-109.2029
2026-10-03,US,weather_yesterday_rain,0.0,44.5263,-109.0565
2026-10-03,US,weather_yesterday_rain,0.0,42.8666,-106.3131
2026-10-03,US,weather_yesterday_rain,0.004,38.8951,-77.0364
2026-10-03,US,weather_yesterday_rain,0.0,47.6777,-116.7805
2026-10-03,US,weather_yesterday_rain,0.0,40.3144,-111.9849
2026-10-03,US,weather_yesterday_rain,0.0,47.6569,-117.425
