City,State,Lat,Lon,Marketing_Action,Rain_Amount,Yesterday_Rain,Max_UV_Index,Logic_Summary
London,England,51.5085,-0.1257,Baseline,0.114,0.000,1.80,Region UK: Open-Meteo forecast + archive (NWS not used) | Next-24h precip (Open-Meteo 24h model) 0.114 in (umbrella threshold 0.20 in; heavy 0.50 in) | Previous-24h rain (Open-Meteo archive) 0.000 in (residual threshold 0.50 in) | Daily max UV (Open-Meteo) 1.8 (threshold 8) | No marketing threshold met.
Bristol,England,51.4552,-2.5966,Scale Umbrellas,0.307,0.000,1.90,Region UK: Open-Meteo forecast + archive (NWS not used) | Next-24h precip (Open-Meteo 24h model) 0.307 in (umbrella threshold 0.20 in; heavy 0.50 in) | Previous-24h rain (Open-Meteo archive) 0.000 in (residual threshold 0.50 in) | Daily max UV (Open-Meteo) 1.9 (threshold 8) | Triggered by: forecast precip ≥ 0.20 in
Sheffield,England,53.3830,-1.4659,Baseline,0.181,0.000,1.30,Region UK: Open-Meteo forecast + archive (NWS not used) | Next-24h precip (Open-Meteo 24h model) 0.181 in (umbrella threshold 0.20 in; heavy 0.50 in) | Previous-24h rain (Open-Meteo archive) 0.000 in (residual threshold 0.50 in) | Daily max UV (Open-Meteo) 1.3 (threshold 8) | No marketing threshold met.
Swindon,England,51.5580,-1.7812,Scale Umbrellas,0.409,0.000,1.90,Region UK: Open-Meteo forecast + archive (NWS not used) | Next-24h precip (Open-Meteo 24h model) 0.409 in (umbrella threshold 0.20 in; heavy 0.50 in) | Previous-24h rain (Open-Meteo archive) 0.000 in (residual threshold 0.50 in) | Daily max UV (Open-Meteo) 1.9 (threshold 8) | Triggered by: forecast precip ≥ 0.20 in
Birmingham,England,52.4814,-1.8998,Scale Umbrellas,0.539,0.012,1.90,Region UK: Open-Meteo forecast + archive (NWS not used) | Next-24h precip (Open-Meteo 24h model) 0.539 in (umbrella threshold 0.20 in; heavy 0.50 in) | Previous-24h rain (Open-Meteo archive) 0.012 in (residual threshold 0.50 in) | Daily max UV (Open-Meteo) 1.9 (threshold 8) | Triggered by: forecast precip ≥ 0.50 in
Brighton,England,50.8284,-0.1395,Scale Umbrellas,0.488,0.000,1.95,Region UK: Open-Meteo forecast + archive (NWS not used) | Next-24h precip (Open-Meteo 24h model) 0.488 in (umbrella threshold 0.20 in; heavy 0.50 in) | Previous-24h rain (Open-Meteo archive) 0.000 in (residual threshold 0.50 in) | Daily max UV (Open-Meteo) 1.9 (threshold 8) | Triggered by: forecast precip ≥ 0.20 in
Hove,England,50.8309,-0.1672,Scale Umbrellas,0.504,0.000,2.05,Region UK: Open-Meteo forecast + archive (NWS not used) | Next-24h precip (Open-Meteo 24h model) 0.504 in (umbrella threshold 0.20 in; heavy 0.50 in) | Previous-24h rain (Open-Meteo archive) 0.000 in (residual threshold 0.50 in) | Daily max UV (Open-Meteo) 2.0 (threshold 8) | Triggered by: forecast precip ≥ 0.50 in
Manchester,England,53.4809,-2.2374,Scale Umbrellas,0.283,0.020,1.05,Region UK: Open-Meteo forecast + archive (NWS not used) | Next-24h precip (Open-Meteo 24h model) 0.283 in (umbrella threshold 0.20 in; heavy 0.50 in) | Previous-24h rain (Open-Meteo archive) 0.020 in (residual threshold 0.50 in) | Daily max UV (Open-Meteo) 1.1 (threshold 8) | Triggered by: forecast precip ≥ 0.20 in
Glasgow,Scotland,55.8651,-4.2576,Baseline,0.028,0.047,1.00,Region UK: Open-Meteo forecast + archive (NWS not used) | Next-24h precip (Open-Meteo 24h model) 0.028 in (umbrella threshold 0.20 in; heavy 0.50 in) | Previous-24h rain (Open-Meteo archive) 0.047 in (residual threshold 0.50 in) | Daily max UV (Open-Meteo) 1.0 (threshold 8) | No marketing threshold met.
Edinburgh,Scotland,55.9521,-3.1965,Baseline,0.000,0.000,1.30,Region UK: Open-Meteo forecast + archive (NWS not used) | Next-24h precip (Open-Meteo 24h model) 0.000 in (umbrella threshold 0.20 in; heavy 0.50 in) | Previous-24h rain (Open-Meteo archive) 0.000 in (residual threshold 0.50 in) | Daily max UV (Open-Meteo) 1.3 (threshold 8) | No marketing threshold met.
Aberdeen,Scotland,57.1437,-2.0981,Baseline,0.035,0.012,1.25,Region UK: Open-Meteo forecast + archive (NWS not used) | Next-24h precip (Open-Meteo 24h model) 0.035 in (umbrella threshold 0.20 in; heavy 0.50 in) | Previous-24h rain (Open-Meteo archive) 0.012 in (residual threshold 0.50 in) | Daily max UV (Open-Meteo) 1.2 (threshold 8) | No marketing threshold met.
Dunfermline,Scotland,56.0716,-3.4589,Baseline,0.000,0.012,1.15,Region UK: Open-Meteo forecast + archive (NWS not used) | Next-24h precip (Open-Meteo 24h model) 0.000 in (umbrella threshold 0.20 in; heavy 0.50 in) | Previous-24h rain (Open-Meteo archive) 0.012 in (residual threshold 0.50 in) | Daily max UV (Open-Meteo) 1.1 (threshold 8) | No marketing threshold met.
Aboyne,Scotland,57.0755,-2.7802,Baseline,0.008,0.004,1.15,Region UK: Open-Meteo forecast + archive (NWS not used) | Next-24h precip (Open-Meteo 24h model) 0.008 in (umbrella threshold 0.20 in; heavy 0.50 in) | Previous-24h rain (Open-Meteo archive) 0.004 in (residual threshold 0.50 in) | Daily max UV (Open-Meteo) 1.1 (threshold 8) | No marketing threshold met.
Balerno,Scotland,55.8844,-3.3397,Baseline,0.055,0.016,1.05,Region UK: Open-Meteo forecast + archive (NWS not used) | Next-24h precip (Open-Meteo 24h model) 0.055 in (umbrella threshold 0.20 in; heavy 0.50 in) | Previous-24h rain (Open-Meteo archive) 0.016 in (residual threshold 0.50 in) | Daily max UV (Open-Meteo) 1.1 (threshold 8) | No marketing threshold met.
Banchory,Scotland,57.0517,-2.4882,Baseline,0.000,0.000,1.30,Region UK: Open-Meteo forecast + archive (NWS not used) | Next-24h precip (Open-Meteo 24h model) 0.000 in (umbrella threshold 0.20 in; heavy 0.50 in) | Previous-24h rain (Open-Meteo archive) 0.000 in (residual threshold 0.50 in) | Daily max UV (Open-Meteo) 1.3 (threshold 8) | No marketing threshold met.
Barrhead,Scotland,55.7992,-4.3929,Baseline,0.035,0.071,1.25,Region UK: Open-Meteo forecast + archive (NWS not used) | Next-24h precip (Open-Meteo 24h model) 0.035 in (umbrella threshold 0.20 in; heavy 0.50 in) | Previous-24h rain (Open-Meteo archive) 0.071 in (residual threshold 0.50 in) | Daily max UV (Open-Meteo) 1.2 (threshold 8) | No marketing threshold met.
Cardiff,Wales,51.4800,-3.1800,Baseline,0.181,0.000,1.45,Region UK: Open-Meteo forecast + archive (NWS not used) | Next-24h precip (Open-Meteo 24h model) 0.181 in (umbrella threshold 0.20 in; heavy 0.50 in) | Previous-24h rain (Open-Meteo archive) 0.000 in (residual threshold 0.50 in) | Daily max UV (Open-Meteo) 1.4 (threshold 8) | No marketing threshold met.
Aberdare,Wales,51.7144,-3.4492,Baseline,0.102,0.028,2.20,Region UK: Open-Meteo forecast + archive (NWS not used) | Next-24h precip (Open-Meteo 24h model) 0.102 in (umbrella threshold 0.20 in; heavy 0.50 in) | Previous-24h rain (Open-Meteo archive) 0.028 in (residual threshold 0.50 in) | Daily max UV (Open-Meteo) 2.2 (threshold 8) | No marketing threshold met.
Clarbeston Road,Wales,51.8514,-4.8806,Baseline,0.043,0.039,0.65,Region UK: Open-Meteo forecast + archive (NWS not used) | Next-24h precip (Open-Meteo 24h model) 0.043 in (umbrella threshold 0.20 in; heavy 0.50 in) | Previous-24h rain (Open-Meteo archive) 0.039 in (residual threshold 0.50 in) | Daily max UV (Open-Meteo) 0.7 (threshold 8) | No marketing threshold met.
Cwmbran,Wales,51.6545,-3.0228,Baseline,0.150,0.000,2.00,Region UK: Open-Meteo forecast + archive (NWS not used) | Next-24h precip (Open-Meteo 24h model) 0.150 in (umbrella threshold 0.20 in; heavy 0.50 in) | Previous-24h rain (Open-Meteo archive) 0.000 in (residual threshold 0.50 in) | Daily max UV (Open-Meteo) 2.0 (threshold 8) | No marketing threshold met.
Llanidloes,Wales,52.4498,-3.5400,Baseline,0.075,0.083,1.50,Region UK: Open-Meteo forecast + archive (NWS not used) | Next-24h precip (Open-Meteo 24h model) 0.075 in (umbrella threshold 0.20 in; heavy 0.50 in) | Previous-24h rain (Open-Meteo archive) 0.083 in (residual threshold 0.50 in) | Daily max UV (Open-Meteo) 1.5 (threshold 8) | No marketing threshold met.
Merthyr Tydfil,Wales,51.7479,-3.3778,Baseline,0.071,0.028,2.20,Region UK: Open-Meteo forecast + archive (NWS not used) | Next-24h precip (Open-Meteo 24h model) 0.071 in (umbrella threshold 0.20 in; heavy 0.50 in) | Previous-24h rain (Open-Meteo archive) 0.028 in (residual threshold 0.50 in) | Daily max UV (Open-Meteo) 2.2 (threshold 8) | No marketing threshold met.
Port Talbot,Wales,51.5924,-3.7802,Baseline,0.079,0.039,1.45,Region UK: Open-Meteo forecast + archive (NWS not used) | Next-24h precip (Open-Meteo 24h model) 0.079 in (umbrella threshold 0.20 in; heavy 0.50 in) | Previous-24h rain (Open-Meteo archive) 0.039 in (residual threshold 0.50 in) | Daily max UV (Open-Meteo) 1.4 (threshold 8) | No marketing threshold met.
Newry,Northern Ireland,54.1784,-6.3374,Baseline,0.016,0.126,1.35,Region UK: Open-Meteo forecast + archive (NWS not used) | Next-24h precip (Open-Meteo 24h model) 0.016 in (umbrella threshold 0.20 in; heavy 0.50 in) | Previous-24h rain (Open-Meteo archive) 0.126 in (residual threshold 0.50 in) | Daily max UV (Open-Meteo) 1.4 (threshold 8) | No marketing threshold met.
Belfast,Northern Ireland,54.5968,-5.9254,Baseline,0.047,0.059,1.50,Region UK: Open-Meteo forecast + archive (NWS not used) | Next-24h precip (Open-Meteo 24h model) 0.047 in (umbrella threshold 0.20 in; heavy 0.50 in) | Previous-24h rain (Open-Meteo archive) 0.059 in (residual threshold 0.50 in) | Daily max UV (Open-Meteo) 1.5 (threshold 8) | No marketing threshold met.
Craigavon,Northern Ireland,54.4471,-6.3870,Baseline,0.008,0.087,1.15,Region UK: Open-Meteo forecast + archive (NWS not used) | Next-24h precip (Open-Meteo 24h model) 0.008 in (umbrella threshold 0.20 in; heavy 0.50 in) | Previous-24h rain (Open-Meteo archive) 0.087 in (residual threshold 0.50 in) | Daily max UV (Open-Meteo) 1.1 (threshold 8) | No marketing threshold met.
Dromara,Northern Ireland,54.3667,-6.0167,Baseline,0.051,0.091,1.50,Region UK: Open-Meteo forecast + archive (NWS not used) | Next-24h precip (Open-Meteo 24h model) 0.051 in (umbrella threshold 0.20 in; heavy 0.50 in) | Previous-24h rain (Open-Meteo archive) 0.091 in (residual threshold 0.50 in) | Daily max UV (Open-Meteo) 1.5 (threshold 8) | No marketing threshold met.
Derry,Northern Ireland,54.9981,-7.3093,Baseline,0.189,0.039,1.25,Region UK: Open-Meteo forecast + archive (NWS not used) | Next-24h precip (Open-Meteo 24h model) 0.189 in (umbrella threshold 0.20 in; heavy 0.50 in) | Previous-24h rain (Open-Meteo archive) 0.039 in (residual threshold 0.50 in) | Daily max UV (Open-Meteo) 1.2 (threshold 8) | No marketing threshold met.
Lisburn,Northern Ireland,54.5234,-6.0353,Baseline,0.035,0.087,1.50,Region UK: Open-Meteo forecast + archive (NWS not used) | Next-24h precip (Open-Meteo 24h model) 0.035 in (umbrella threshold 0.20 in; heavy 0.50 in) | Previous-24h rain (Open-Meteo archive) 0.087 in (residual threshold 0.50 in) | Daily max UV (Open-Meteo) 1.5 (threshold 8) | No marketing threshold met.
Bangor,Northern Ireland,54.6608,-5.6680,Baseline,0.020,0.067,1.20,Region UK: Open-Meteo forecast + archive (NWS not used) | Next-24h precip (Open-Meteo 24h model) 0.020 in (umbrella threshold 0.20 in; heavy 0.50 in) | Previous-24h rain (Open-Meteo archive) 0.067 in (residual threshold 0.50 in) | Daily max UV (Open-Meteo) 1.2 (threshold 8) | No marketing threshold met.
Swansea,Wales,51.6214,-3.9436,Baseline,0.079,0.035,1.45,Region UK: Open-Meteo forecast + archive (NWS not used) | Next-24h precip (Open-Meteo 24h model) 0.079 in (umbrella threshold 0.20 in; heavy 0.50 in) | Previous-24h rain (Open-Meteo archive) 0.035 in (residual threshold 0.50 in) | Daily max UV (Open-Meteo) 1.4 (threshold 8) | No marketing threshold met.
