Date,Shipping_City,Shipping_State,Shipping_Country,Marketing_Action,Rain_Amount,Yesterday_Rain,Max_UV_Index,Logic_Summary,Quantity_Sold,Order_Revenue
2026-10-02,Banff,Alberta,CA,Baseline,0.0,0.0,0.0,No weather hub in marketing snapshot; Baseline applied.,0,0.0
2026-10-02,Bow Island,Alberta,CA,Baseline,0.0,0.0,0.0,No weather hub in marketing snapshot; Baseline applied.,0,0.0
2026-10-02,Bragg Creek,Alberta,CA,Baseline,0.0,0.0,0.0,No weather hub in marketing snapshot; Baseline applied.,0,0.0
2026-10-02,Calgary,Alberta,CA,Baseline,0.043,0.0,3.9,Region CA: Open-Meteo forecast + archive (NWS not used) | Next-24h precip (Open-Meteo 24h model) 0.043 in (umbrella threshold 0.20 in; heavy 0.50 in) | Previous-24h rain (Open-Meteo archive) 0.000 in (residual threshold 0.50 in) | Daily max UV (Open-Meteo) 3.9 (threshold 8) | No marketing threshold met.,0,12.39
2026-10-02,Chestermere,Alberta,CA,Baseline,0.0,0.0,0.0,No weather hub in marketing snapshot; Baseline applied.,0,0.0
2026-10-02,Cochrane,Alberta,CA,Baseline,0.0,0.0,0.0,No weather hub in marketing snapshot; Baseline applied.,0,0.0
2026-10-02,Cold Lake,Alberta,CA,Baseline,0.0,0.0,0.0,No weather hub in marketing snapshot; Baseline applied.,0,0.0
2026-10-02,Edmonton,Alberta,CA,Baseline,0.0,0.0,3.2,Region CA: Open-Meteo forecast + archive (NWS not used) | Next-24h precip (Open-Meteo 24h model) 0.000 in (umbrella threshold 0.20 in; heavy 0.50 in) | Previous-24h rain (Open-Meteo archive) 0.000 in (residual threshold 0.50 in) | Daily max UV (Open-Meteo) 3.2 (threshold 8) | No marketing threshold met.,0,5.32
2026-10-02,Fort Mcmurray,Alberta,CA,Baseline,0.0,0.0,0.0,No weather hub in marketing snapshot; Baseline applied.,0,0.0
2026-10-02,Fort Saskatchewan,Alberta,CA,Baseline,0.0,0.0,0.0,No weather hub in marketing snapshot; Baseline applied.,0,0.0
2026-10-02,Grovedale,Alberta,CA,Baseline,0.0,0.0,0.0,No weather hub in marketing snapshot; Baseline applied.,0,0.0
2026-10-02,Lacombe,Alberta,CA,Baseline,0.0,0.0,0.0,No weather hub in marketing snapshot; Baseline applied.,0,0.0
2026-10-02,Langdon,Alberta,CA,Baseline,0.0,0.0,0.0,No weather hub in marketing snapshot; Baseline applied.,0,0.0
2026-10-02,Lethbridge,Alberta,CA,Baseline,0.0,0.0,0.0,No weather hub in marketing snapshot; Baseline applied.,0,0.0
2026-10-02,Lloydminster,Alberta,CA,Baseline,0.0,0.0,0.0,No weather hub in marketing snapshot; Baseline applied.,0,0.0
2026-10-02,Millet,Alberta,CA,Baseline,0.0,0.0,0.0,No weather hub in marketing snapshot; Baseline applied.,0,0.0
2026-10-02,Red Deer,Alberta,CA,Baseline,0.0,0.0,0.0,No weather hub in marketing snapshot; Baseline applied.,0,0.0
2026-10-02,Sherwood Park,Alberta,CA,Baseline,0.0,0.0,0.0,No weather hub in marketing snapshot; Baseline applied.,0,0.0
2026-10-02,Spruce Grove,Alberta,CA,Baseline,0.0,0.0,0.0,No weather hub in marketing snapshot; Baseline applied.,0,0.0
2026-10-02,St Albert,Alberta,CA,Baseline,0.0,0.0,0.0,No weather hub in marketing snapshot; Baseline applied.,0,0.0
2026-10-02,St. Albert,Alberta,CA,Baseline,0.0,0.0,3.05,Region CA: Open-Meteo forecast + archive (NWS not used) | Next-24h precip (Open-Meteo 24h model) 0.000 in (umbrella threshold 0.20 in; heavy 0.50 in) | Previous-24h rain (Open-Meteo archive) 0.000 in (residual threshold 0.50 in) | Daily max UV (Open-Meteo) 3.0 (threshold 8) | No marketing threshold met.,0,0.64
2026-10-02,St.Paul,Alberta,CA,Baseline,0.0,0.0,0.0,No weather hub in marketing snapshot; Baseline applied.,0,0.0
2026-10-02,Wainwright,Alberta,CA,Baseline,0.0,0.0,3.75,Region CA: Open-Meteo forecast + archive (NWS not used) | Next-24h precip (Open-Meteo 24h model) 0.000 in (umbrella threshold 0.20 in; heavy 0.50 in) | Previous-24h rain (Open-Meteo archive) 0.000 in (residual threshold 0.50 in) | Daily max UV (Open-Meteo) 3.8 (threshold 8) | No marketing threshold met.,0,0.2
2026-10-02,West Baptiste,Alberta,CA,Baseline,0.0,0.0,2.85,Region CA: Open-Meteo forecast + archive (NWS not used) | Next-24h precip (Open-Meteo 24h model) 0.000 in (umbrella threshold 0.20 in; heavy 0.50 in) | Previous-24h rain (Open-Meteo archive) 0.000 in (residual threshold 0.50 in) | Daily max UV (Open-Meteo) 2.9 (threshold 8) | No marketing threshold met.,0,0.11
2026-10-02,Abbotsford,British Columbia,CA,Baseline,0.0,0.0,0.0,No weather hub in marketing snapshot; Baseline applied.,0,0.0
2026-10-02,Burnaby,British Columbia,CA,Baseline,0.016,0.012,3.75,Region CA: Open-Meteo forecast + archive (NWS not used) | Next-24h precip (Open-Meteo 24h model) 0.016 in (umbrella threshold 0.20 in; heavy 0.50 in) | Previous-24h rain (Open-Meteo archive) 0.012 in (residual threshold 0.50 in) | Daily max UV (Open-Meteo) 3.8 (threshold 8) | No marketing threshold met.,0,7.6
2026-10-02,Chetwynd,British Columbia,CA,Baseline,0.0,0.0,0.0,No weather hub in marketing snapshot; Baseline applied.,0,0.0
2026-10-02,Chilliwack,British Columbia,CA,Baseline,0.0,0.0,0.0,No weather hub in marketing snapshot; Baseline applied.,0,0.0
2026-10-02,Comox,British Columbia,CA,Baseline,0.0,0.0,0.0,No weather hub in marketing snapshot; Baseline applied.,0,0.0
2026-10-02,Coquitlam,British Columbia,CA,Baseline,0.0,0.0,0.0,No weather hub in marketing snapshot; Baseline applied.,0,0.0
2026-10-02,Courtenay,British Columbia,CA,Baseline,0.0,0.0,0.0,No weather hub in marketing snapshot; Baseline applied.,0,0.0
2026-10-02,Cumberland,British Columbia,CA,Baseline,0.0,0.0,0.0,No weather hub in marketing snapshot; Baseline applied.,0,0.0
2026-10-02,Delta,British Columbia,CA,Baseline,0.0,0.0,0.0,No weather hub in marketing snapshot; Baseline applied.,0,0.0
2026-10-02,Garibaldi Highlands,British Columbia,CA,Baseline,0.0,0.0,0.0,No weather hub in marketing snapshot; Baseline applied.,0,0.0
2026-10-02,"Garibaldi Highlands, Squamish",British Columbia,CA,Baseline,0.0,0.0,0.0,No weather hub in marketing snapshot; Baseline applied.,0,0.0
2026-10-02,Gibsons,British Columbia,CA,Baseline,0.0,0.0,0.0,No weather hub in marketing snapshot; Baseline applied.,0,0.0
2026-10-02,Harrison Hot Springs,British Columbia,CA,Baseline,0.0,0.0,0.0,No weather hub in marketing snapshot; Baseline applied.,0,0.0
2026-10-02,Kamloops,British Columbia,CA,Baseline,0.0,0.0,0.0,No weather hub in marketing snapshot; Baseline applied.,0,0.0
2026-10-02,Kelowna,British Columbia,CA,Baseline,0.0,0.0,0.0,No weather hub in marketing snapshot; Baseline applied.,0,0.0
2026-10-02,Langford,British Columbia,CA,Baseline,0.0,0.0,0.0,No weather hub in marketing snapshot; Baseline applied.,0,0.0
2026-10-02,Langley,British Columbia,CA,Baseline,0.0,0.0,0.0,No weather hub in marketing snapshot; Baseline applied.,0,0.0
2026-10-02,Lindell Beach,British Columbia,CA,Baseline,0.0,0.0,0.0,No weather hub in marketing snapshot; Baseline applied.,0,0.0
2026-10-02,Lions Bay,British Columbia,CA,Baseline,0.0,0.0,0.0,No weather hub in marketing snapshot; Baseline applied.,0,0.0
2026-10-02,Maple Ridge,British Columbia,CA,Baseline,0.0,0.0,0.0,No weather hub in marketing snapshot; Baseline applied.,0,0.0
2026-10-02,Mission,British Columbia,CA,Baseline,0.0,0.0,0.0,No weather hub in marketing snapshot; Baseline applied.,0,0.0
2026-10-02,Nanaimo,British Columbia,CA,Baseline,0.0,0.0,0.0,No weather hub in marketing snapshot; Baseline applied.,0,0.0
2026-10-02,Nelson,British Columbia,CA,Baseline,0.0,0.0,0.0,No weather hub in marketing snapshot; Baseline applied.,0,0.0
2026-10-02,New Westminster,British Columbia,CA,Baseline,0.0,0.0,0.0,No weather hub in marketing snapshot; Baseline applied.,0,0.0
2026-10-02,North Vancouver,British Columbia,CA,Baseline,0.0,0.028,3.85,Region CA: Open-Meteo forecast + archive (NWS not used) | Next-24h precip (Open-Meteo 24h model) 0.000 in (umbrella threshold 0.20 in; heavy 0.50 in) | Previous-24h rain (Open-Meteo archive) 0.028 in (residual threshold 0.50 in) | Daily max UV (Open-Meteo) 3.9 (threshold 8) | No marketing threshold met.,0,5.7
2026-10-02,Penticton,British Columbia,CA,Baseline,0.0,0.0,0.0,No weather hub in marketing snapshot; Baseline applied.,0,0.0
2026-10-02,Port Alberni,British Columbia,CA,Baseline,0.0,0.0,0.0,No weather hub in marketing snapshot; Baseline applied.,0,0.0
2026-10-02,Port Coquitlam,British Columbia,CA,Baseline,0.0,0.0,0.0,No weather hub in marketing snapshot; Baseline applied.,0,0.0
2026-10-02,Port Moody,British Columbia,CA,Baseline,0.0,0.0,0.0,No weather hub in marketing snapshot; Baseline applied.,0,0.0
2026-10-02,Prince George,British Columbia,CA,Baseline,0.0,0.0,0.0,No weather hub in marketing snapshot; Baseline applied.,0,0.0
2026-10-02,Richmond,British Columbia,CA,Baseline,0.0,0.0,0.0,No weather hub in marketing snapshot; Baseline applied.,0,0.0
2026-10-02,Saanichton,British Columbia,CA,Baseline,0.0,0.0,0.0,No weather hub in marketing snapshot; Baseline applied.,0,0.0
2026-10-02,Sechelt,British Columbia,CA,Baseline,0.0,0.0,0.0,No weather hub in marketing snapshot; Baseline applied.,0,0.0
2026-10-02,Shawnigan Lake,British Columbia,CA,Baseline,0.0,0.0,0.0,No weather hub in marketing snapshot; Baseline applied.,0,0.0
2026-10-02,Sidney,British Columbia,CA,Baseline,0.0,0.0,0.0,No weather hub in marketing snapshot; Baseline applied.,0,0.0
2026-10-02,Squamish,British Columbia,CA,Baseline,0.0,0.0,0.0,No weather hub in marketing snapshot; Baseline applied.,0,0.0
2026-10-02,Summerland,British Columbia,CA,Baseline,0.0,0.0,0.0,No weather hub in marketing snapshot; Baseline applied.,0,0.0
2026-10-02,Sun Peaks,British Columbia,CA,Baseline,0.0,0.0,0.0,No weather hub in marketing snapshot; Baseline applied.,0,0.0
2026-10-02,Surrey,British Columbia,CA,Baseline,0.031,0.024,3.75,Region CA: Open-Meteo forecast + archive (NWS not used) | Next-24h precip (Open-Meteo 24h model) 0.031 in (umbrella threshold 0.20 in; heavy 0.50 in) | Previous-24h rain (Open-Meteo archive) 0.024 in (residual threshold 0.50 in) | Daily max UV (Open-Meteo) 3.8 (threshold 8) | No marketing threshold met.,0,8.77
2026-10-02,Thornhill,British Columbia,CA,Baseline,0.0,0.0,0.0,No weather hub in marketing snapshot; Baseline applied.,0,0.0
2026-10-02,Tobiano,British Columbia,CA,Baseline,0.0,0.0,0.0,No weather hub in marketing snapshot; Baseline applied.,0,0.0
2026-10-02,Tofino,British Columbia,CA,Baseline,0.0,0.0,0.0,No weather hub in marketing snapshot; Baseline applied.,0,0.0
2026-10-02,Vancouver,British Columbia,CA,Baseline,0.0,0.028,4.0,Region CA: Open-Meteo forecast + archive (NWS not used) | Next-24h precip (Open-Meteo 24h model) 0.000 in (umbrella threshold 0.20 in; heavy 0.50 in) | Previous-24h rain (Open-Meteo archive) 0.028 in (residual threshold 0.50 in) | Daily max UV (Open-Meteo) 4.0 (threshold 8) | No marketing threshold met.,0,28.02
2026-10-02,Vernon,British Columbia,CA,Baseline,0.0,0.0,0.0,No weather hub in marketing snapshot; Baseline applied.,0,0.0
2026-10-02,Victoria,British Columbia,CA,Baseline,0.0,0.0,3.9,Region CA: Open-Meteo forecast + archive (NWS not used) | Next-24h precip (Open-Meteo 24h model) 0.000 in (umbrella threshold 0.20 in; heavy 0.50 in) | Previous-24h rain (Open-Meteo archive) 0.000 in (residual threshold 0.50 in) | Daily max UV (Open-Meteo) 3.9 (threshold 8) | No marketing threshold met.,0,6.62
2026-10-02,West Vancouver,British Columbia,CA,Baseline,0.0,0.0,0.0,No weather hub in marketing snapshot; Baseline applied.,0,0.0
2026-10-02,Whistler,British Columbia,CA,Baseline,0.0,0.0,0.0,No weather hub in marketing snapshot; Baseline applied.,0,0.0
2026-10-02,White Rock,British Columbia,CA,Baseline,0.0,0.0,0.0,No weather hub in marketing snapshot; Baseline applied.,0,0.0
2026-10-02,Wynndel,British Columbia,CA,Baseline,0.0,0.0,0.0,No weather hub in marketing snapshot; Baseline applied.,0,0.0
2026-10-02,Headingley,Manitoba,CA,Baseline,0.087,0.0,4.05,Region CA: Open-Meteo forecast + archive (NWS not used) | Next-24h precip (Open-Meteo 24h model) 0.087 in (umbrella threshold 0.20 in; heavy 0.50 in) | Previous-24h rain (Open-Meteo archive) 0.000 in (residual threshold 0.50 in) | Daily max UV (Open-Meteo) 4.0 (threshold 8) | No marketing threshold met.,0,0.25
2026-10-02,Oak Bluff,Manitoba,CA,Baseline,0.0,0.0,0.0,No weather hub in marketing snapshot; Baseline applied.,0,0.0
2026-10-02,St Andrews,Manitoba,CA,Baseline,0.0,0.0,0.0,No weather hub in marketing snapshot; Baseline applied.,0,0.0
2026-10-02,Winnipeg,Manitoba,CA,Baseline,0.075,0.0,4.1,Region CA: Open-Meteo forecast + archive (NWS not used) | Next-24h precip (Open-Meteo 24h model) 0.075 in (umbrella threshold 0.20 in; heavy 0.50 in) | Previous-24h rain (Open-Meteo archive) 0.000 in (residual threshold 0.50 in) | Daily max UV (Open-Meteo) 4.1 (threshold 8) | No marketing threshold met.,0,1.37
2026-10-02,Dalhousie,New Brunswick,CA,Baseline,0.0,0.0,0.0,No weather hub in marketing snapshot; Baseline applied.,0,0.0
2026-10-02,Dieppe,New Brunswick,CA,Scale Umbrellas,0.37,0.0,0.0,Region CA: Open-Meteo forecast + archive (NWS not used) | Next-24h precip (Open-Meteo 24h model) 0.370 in (umbrella threshold 0.20 in; heavy 0.50 in) | Previous-24h rain (Open-Meteo archive) 0.000 in (residual threshold 0.50 in) | Daily max UV (Open-Meteo) 0.0 (threshold 8) | Triggered by: forecast precip ≥ 0.20 in,0,0.91
2026-10-02,Fredericton,New Brunswick,CA,Baseline,0.154,0.0,0.0,Region CA: Open-Meteo forecast + archive (NWS not used) | Next-24h precip (Open-Meteo 24h model) 0.154 in (umbrella threshold 0.20 in; heavy 0.50 in) | Previous-24h rain (Open-Meteo archive) 0.000 in (residual threshold 0.50 in) | Daily max UV (Open-Meteo) 0.0 (threshold 8) | No marketing threshold met.,0,0.28
2026-10-02,Greenfield,New Brunswick,CA,Baseline,0.0,0.0,0.0,No weather hub in marketing snapshot; Baseline applied.,0,0.0
2026-10-02,Moncton,New Brunswick,CA,Scale Umbrellas,0.299,0.0,0.0,Region CA: Open-Meteo forecast + archive (NWS not used) | Next-24h precip (Open-Meteo 24h model) 0.299 in (umbrella threshold 0.20 in; heavy 0.50 in) | Previous-24h rain (Open-Meteo archive) 0.000 in (residual threshold 0.50 in) | Daily max UV (Open-Meteo) 0.0 (threshold 8) | Triggered by: forecast precip ≥ 0.20 in,0,0.44
2026-10-02,Saint-Antoine Sud,New Brunswick,CA,Baseline,0.0,0.0,0.0,No weather hub in marketing snapshot; Baseline applied.,0,0.0
2026-10-02,Grand Falls Windsor,Newfoundland and Labrador,CA,Baseline,0.0,0.0,0.0,No weather hub in marketing snapshot; Baseline applied.,0,0.0
2026-10-02,Paradise,Newfoundland and Labrador,CA,Baseline,0.091,0.0,3.15,Region CA: Open-Meteo forecast + archive (NWS not used) | Next-24h precip (Open-Meteo 24h model) 0.091 in (umbrella threshold 0.20 in; heavy 0.50 in) | Previous-24h rain (Open-Meteo archive) 0.000 in (residual threshold 0.50 in) | Daily max UV (Open-Meteo) 3.1 (threshold 8) | No marketing threshold met.,0,0.28
2026-10-02,St. John'S,Newfoundland and Labrador,CA,Baseline,0.035,0.0,0.0,Region CA: Open-Meteo forecast + archive (NWS not used) | Next-24h precip (Open-Meteo 24h model) 0.035 in (umbrella threshold 0.20 in; heavy 0.50 in) | Previous-24h rain (Open-Meteo archive) 0.000 in (residual threshold 0.50 in) | Daily max UV (Open-Meteo) 0.0 (threshold 8) | No marketing threshold met.,0,0.29
2026-10-02,Aylesford,Nova Scotia,CA,Baseline,0.0,0.0,0.0,No weather hub in marketing snapshot; Baseline applied.,0,0.0
2026-10-02,Bible Hill,Nova Scotia,CA,Baseline,0.0,0.0,0.0,No weather hub in marketing snapshot; Baseline applied.,0,0.0
2026-10-02,Dartmouth,Nova Scotia,CA,Baseline,0.0,0.0,0.0,Region CA: Open-Meteo forecast + archive (NWS not used) | Next-24h precip (Open-Meteo 24h model) 0.000 in (umbrella threshold 0.20 in; heavy 0.50 in) | Previous-24h rain (Open-Meteo archive) 0.000 in (residual threshold 0.50 in) | Daily max UV (Open-Meteo) 0.0 (threshold 8) | No marketing threshold met.,0,0.24
2026-10-02,Halifax,Nova Scotia,CA,Baseline,0.0,0.0,0.0,Region CA: Open-Meteo forecast + archive (NWS not used) | Next-24h precip (Open-Meteo 24h model) 0.000 in (umbrella threshold 0.20 in; heavy 0.50 in) | Previous-24h rain (Open-Meteo archive) 0.000 in (residual threshold 0.50 in) | Daily max UV (Open-Meteo) 0.0 (threshold 8) | No marketing threshold met.,0,1.78
2026-10-02,Hammonds Plains,Nova Scotia,CA,Baseline,0.0,0.0,0.0,No weather hub in marketing snapshot; Baseline applied.,0,0.0
2026-10-02,Kentville,Nova Scotia,CA,Baseline,0.0,0.0,0.0,No weather hub in marketing snapshot; Baseline applied.,0,0.0
2026-10-02,Lower Sackville,Nova Scotia,CA,Baseline,0.0,0.0,0.0,No weather hub in marketing snapshot; Baseline applied.,0,0.0
2026-10-02,Mackay Siding,Nova Scotia,CA,Baseline,0.0,0.0,0.0,No weather hub in marketing snapshot; Baseline applied.,0,0.0
2026-10-02,Port Williams,Nova Scotia,CA,Baseline,0.0,0.0,0.0,No weather hub in marketing snapshot; Baseline applied.,0,0.0
2026-10-02,Upper Tantallon,Nova Scotia,CA,Baseline,0.0,0.0,0.0,No weather hub in marketing snapshot; Baseline applied.,0,0.0
2026-10-02,Waverley,Nova Scotia,CA,Baseline,0.0,0.0,0.0,No weather hub in marketing snapshot; Baseline applied.,0,0.0
2026-10-02,Alexandria,Ontario,CA,Baseline,0.0,0.0,0.0,No weather hub in marketing snapshot; Baseline applied.,0,0.0
2026-10-02,Ancaster,Ontario,CA,Baseline,0.0,0.0,0.0,No weather hub in marketing snapshot; Baseline applied.,0,0.0
2026-10-02,Barrie,Ontario,CA,Baseline,0.0,0.0,0.0,No weather hub in marketing snapshot; Baseline applied.,0,0.0
2026-10-02,Belle River,Ontario,CA,Baseline,0.0,0.0,0.0,No weather hub in marketing snapshot; Baseline applied.,0,0.0
2026-10-02,Belleville,Ontario,CA,Baseline,0.0,0.0,0.0,No weather hub in marketing snapshot; Baseline applied.,0,0.0
2026-10-02,Bolton,Ontario,CA,Baseline,0.0,0.0,0.0,No weather hub in marketing snapshot; Baseline applied.,0,0.0
2026-10-02,Bowmanville,Ontario,CA,Baseline,0.0,0.0,0.0,No weather hub in marketing snapshot; Baseline applied.,0,0.0
2026-10-02,Bradford,Ontario,CA,Baseline,0.0,0.0,0.0,No weather hub in marketing snapshot; Baseline applied.,0,0.0
2026-10-02,Brampton,Ontario,CA,Baseline,0.0,0.0,0.0,No weather hub in marketing snapshot; Baseline applied.,0,0.0
2026-10-02,Brantford,Ontario,CA,Baseline,0.0,0.0,0.0,No weather hub in marketing snapshot; Baseline applied.,0,0.0
2026-10-02,Brechin,Ontario,CA,Baseline,0.0,0.0,0.0,No weather hub in marketing snapshot; Baseline applied.,0,0.0
2026-10-02,Burlington,Ontario,CA,Baseline,0.0,0.0,0.0,No weather hub in marketing snapshot; Baseline applied.,0,0.0
2026-10-02,Caledon,Ontario,CA,Baseline,0.0,0.0,0.0,No weather hub in marketing snapshot; Baseline applied.,0,0.0
2026-10-02,Cambridge,Ontario,CA,Baseline,0.0,0.0,0.0,No weather hub in marketing snapshot; Baseline applied.,0,0.0
2026-10-02,Carlisle,Ontario,CA,Baseline,0.0,0.0,0.0,No weather hub in marketing snapshot; Baseline applied.,0,0.0
2026-10-02,Carrying Place,Ontario,CA,Baseline,0.0,0.0,0.0,No weather hub in marketing snapshot; Baseline applied.,0,0.0
2026-10-02,Cobourg,Ontario,CA,Baseline,0.0,0.0,0.0,No weather hub in marketing snapshot; Baseline applied.,0,0.0
2026-10-02,Crystal Beach,Ontario,CA,Baseline,0.0,0.0,0.0,No weather hub in marketing snapshot; Baseline applied.,0,0.0
2026-10-02,Deep River,Ontario,CA,Baseline,0.0,0.0,0.0,No weather hub in marketing snapshot; Baseline applied.,0,0.0
2026-10-02,Delaware,Ontario,CA,Baseline,0.0,0.0,0.0,No weather hub in marketing snapshot; Baseline applied.,0,0.0
2026-10-02,Drumbo,Ontario,CA,Baseline,0.0,0.0,0.0,No weather hub in marketing snapshot; Baseline applied.,0,0.0
2026-10-02,Dundas,Ontario,CA,Baseline,0.0,0.0,0.0,No weather hub in marketing snapshot; Baseline applied.,0,0.0
2026-10-02,Dwight,Ontario,CA,Baseline,0.0,0.0,0.0,No weather hub in marketing snapshot; Baseline applied.,0,0.0
2026-10-02,East York,Ontario,CA,Baseline,0.0,0.0,0.0,No weather hub in marketing snapshot; Baseline applied.,0,0.0
2026-10-02,Elmvale,Ontario,CA,Baseline,0.0,0.0,0.0,No weather hub in marketing snapshot; Baseline applied.,0,0.0
2026-10-02,Embrun,Ontario,CA,Baseline,0.0,0.0,0.0,No weather hub in marketing snapshot; Baseline applied.,0,0.0
2026-10-02,Essex,Ontario,CA,Baseline,0.0,0.0,0.0,No weather hub in marketing snapshot; Baseline applied.,0,0.0
2026-10-02,Etobicoke,Ontario,CA,Baseline,0.0,0.0,0.0,No weather hub in marketing snapshot; Baseline applied.,0,0.0
2026-10-02,Fergus,Ontario,CA,Baseline,0.0,0.0,0.0,No weather hub in marketing snapshot; Baseline applied.,0,0.0
2026-10-02,Forest,Ontario,CA,Baseline,0.0,0.0,0.0,No weather hub in marketing snapshot; Baseline applied.,0,0.0
2026-10-02,Frankford,Ontario,CA,Baseline,0.0,0.0,0.0,No weather hub in marketing snapshot; Baseline applied.,0,0.0
2026-10-02,Georgetown,Ontario,CA,Baseline,0.0,0.0,0.0,No weather hub in marketing snapshot; Baseline applied.,0,0.0
2026-10-02,Gloucester,Ontario,CA,Baseline,0.0,0.0,0.0,No weather hub in marketing snapshot; Baseline applied.,0,0.0
2026-10-02,Golden Lake,Ontario,CA,Baseline,0.0,0.0,0.0,No weather hub in marketing snapshot; Baseline applied.,0,0.0
2026-10-02,Gravenhurst,Ontario,CA,Baseline,0.0,0.0,0.0,No weather hub in marketing snapshot; Baseline applied.,0,0.0
2026-10-02,Greely,Ontario,CA,Baseline,0.0,0.0,0.0,No weather hub in marketing snapshot; Baseline applied.,0,0.0
2026-10-02,Grimsby,Ontario,CA,Baseline,0.0,0.0,0.0,No weather hub in marketing snapshot; Baseline applied.,0,0.0
2026-10-02,Guelph,Ontario,CA,Baseline,0.0,0.055,3.7,Region CA: Open-Meteo forecast + archive (NWS not used) | Next-24h precip (Open-Meteo 24h model) 0.000 in (umbrella threshold 0.20 in; heavy 0.50 in) | Previous-24h rain (Open-Meteo archive) 0.055 in (residual threshold 0.50 in) | Daily max UV (Open-Meteo) 3.7 (threshold 8) | No marketing threshold met.,0,2.23
2026-10-02,Hamilton,Ontario,CA,Baseline,0.0,0.0,0.0,No weather hub in marketing snapshot; Baseline applied.,0,0.0
2026-10-02,Kanata,Ontario,CA,Baseline,0.0,0.0,0.0,No weather hub in marketing snapshot; Baseline applied.,0,0.0
2026-10-02,Kincardine,Ontario,CA,Baseline,0.0,0.0,0.0,No weather hub in marketing snapshot; Baseline applied.,0,0.0
2026-10-02,King City,Ontario,CA,Baseline,0.0,0.0,0.0,No weather hub in marketing snapshot; Baseline applied.,0,0.0
2026-10-02,Kingston,Ontario,CA,Baseline,0.0,0.031,3.2,Region CA: Open-Meteo forecast + archive (NWS not used) | Next-24h precip (Open-Meteo 24h model) 0.000 in (umbrella threshold 0.20 in; heavy 0.50 in) | Previous-24h rain (Open-Meteo archive) 0.031 in (residual threshold 0.50 in) | Daily max UV (Open-Meteo) 3.2 (threshold 8) | No marketing threshold met.,0,1.57
2026-10-02,Kitchener,Ontario,CA,Baseline,0.0,0.0,0.0,No weather hub in marketing snapshot; Baseline applied.,0,0.0
2026-10-02,Kleinburg,Ontario,CA,Baseline,0.0,0.0,0.0,No weather hub in marketing snapshot; Baseline applied.,0,0.0
2026-10-02,Lanark,Ontario,CA,Baseline,0.0,0.0,0.0,No weather hub in marketing snapshot; Baseline applied.,0,0.0
2026-10-02,Lasalle,Ontario,CA,Baseline,0.0,0.0,0.0,No weather hub in marketing snapshot; Baseline applied.,0,0.0
2026-10-02,Listowel,Ontario,CA,Baseline,0.0,0.0,0.0,No weather hub in marketing snapshot; Baseline applied.,0,0.0
2026-10-02,London,Ontario,CA,Baseline,0.0,0.0,0.0,No weather hub in marketing snapshot; Baseline applied.,0,0.0
2026-10-02,Maple,Ontario,CA,Baseline,0.0,0.0,0.0,No weather hub in marketing snapshot; Baseline applied.,0,0.0
2026-10-02,Markham,Ontario,CA,Baseline,0.0,0.126,4.1,Region CA: Open-Meteo forecast + archive (NWS not used) | Next-24h precip (Open-Meteo 24h model) 0.000 in (umbrella threshold 0.20 in; heavy 0.50 in) | Previous-24h rain (Open-Meteo archive) 0.126 in (residual threshold 0.50 in) | Daily max UV (Open-Meteo) 4.1 (threshold 8) | No marketing threshold met.,0,2.94
2026-10-02,Meaford,Ontario,CA,Baseline,0.0,0.0,0.0,No weather hub in marketing snapshot; Baseline applied.,0,0.0
2026-10-02,Metcalfe,Ontario,CA,Baseline,0.0,0.0,0.0,No weather hub in marketing snapshot; Baseline applied.,0,0.0
2026-10-02,Milton,Ontario,CA,Baseline,0.0,0.0,0.0,No weather hub in marketing snapshot; Baseline applied.,0,0.0
2026-10-02,Minesing,Ontario,CA,Baseline,0.0,0.0,0.0,No weather hub in marketing snapshot; Baseline applied.,0,0.0
2026-10-02,Mississauga,Ontario,CA,Baseline,0.0,0.0,0.0,No weather hub in marketing snapshot; Baseline applied.,0,0.0
2026-10-02,Nepean,Ontario,CA,Baseline,0.0,0.0,0.0,No weather hub in marketing snapshot; Baseline applied.,0,0.0
2026-10-02,Newcastle,Ontario,CA,Baseline,0.0,0.0,0.0,No weather hub in marketing snapshot; Baseline applied.,0,0.0
2026-10-02,Newmarket,Ontario,CA,Baseline,0.0,0.0,0.0,No weather hub in marketing snapshot; Baseline applied.,0,0.0
2026-10-02,Niagara Falls,Ontario,CA,Baseline,0.0,0.0,0.0,No weather hub in marketing snapshot; Baseline applied.,0,0.0
2026-10-02,North York,Ontario,CA,Baseline,0.0,0.0,0.0,No weather hub in marketing snapshot; Baseline applied.,0,0.0
2026-10-02,Oakville,Ontario,CA,Baseline,0.0,0.0,0.0,No weather hub in marketing snapshot; Baseline applied.,0,0.0
2026-10-02,Orillia,Ontario,CA,Baseline,0.0,0.0,0.0,No weather hub in marketing snapshot; Baseline applied.,0,0.0
2026-10-02,Orleans,Ontario,CA,Baseline,0.0,0.0,0.0,No weather hub in marketing snapshot; Baseline applied.,0,0.0
2026-10-02,Oshawa,Ontario,CA,Baseline,0.0,0.0,0.0,No weather hub in marketing snapshot; Baseline applied.,0,0.0
2026-10-02,Ottawa,Ontario,CA,Baseline,0.0,0.059,0.0,Region CA: Open-Meteo forecast + archive (NWS not used) | Next-24h precip (Open-Meteo 24h model) 0.000 in (umbrella threshold 0.20 in; heavy 0.50 in) | Previous-24h rain (Open-Meteo archive) 0.059 in (residual threshold 0.50 in) | Daily max UV (Open-Meteo) 0.0 (threshold 8) | No marketing threshold met.,0,11.94
2026-10-02,Owen Sound,Ontario,CA,Baseline,0.0,0.0,0.0,No weather hub in marketing snapshot; Baseline applied.,0,0.0
2026-10-02,Paris,Ontario,CA,Baseline,0.0,0.0,0.0,No weather hub in marketing snapshot; Baseline applied.,0,0.0
2026-10-02,Perth,Ontario,CA,Baseline,0.0,0.0,0.0,No weather hub in marketing snapshot; Baseline applied.,0,0.0
2026-10-02,Petawawa,Ontario,CA,Baseline,0.0,0.0,0.0,No weather hub in marketing snapshot; Baseline applied.,0,0.0
2026-10-02,Peterborough,Ontario,CA,Baseline,0.0,0.0,0.0,No weather hub in marketing snapshot; Baseline applied.,0,0.0
2026-10-02,Petrolia,Ontario,CA,Baseline,0.0,0.0,0.0,No weather hub in marketing snapshot; Baseline applied.,0,0.0
2026-10-02,Plantagenet,Ontario,CA,Baseline,0.0,0.0,0.0,No weather hub in marketing snapshot; Baseline applied.,0,0.0
2026-10-02,Port Carling,Ontario,CA,Baseline,0.0,0.0,0.0,No weather hub in marketing snapshot; Baseline applied.,0,0.0
2026-10-02,Port Elgin,Ontario,CA,Baseline,0.0,0.0,0.0,No weather hub in marketing snapshot; Baseline applied.,0,0.0
2026-10-02,Port Rowan,Ontario,CA,Baseline,0.0,0.0,0.0,No weather hub in marketing snapshot; Baseline applied.,0,0.0
2026-10-02,Ravenna,Ontario,CA,Baseline,0.0,0.0,0.0,No weather hub in marketing snapshot; Baseline applied.,0,0.0
2026-10-02,Richmond Hill,Ontario,CA,Baseline,0.0,0.0,0.0,No weather hub in marketing snapshot; Baseline applied.,0,0.0
2026-10-02,Rockland,Ontario,CA,Baseline,0.0,0.0,0.0,No weather hub in marketing snapshot; Baseline applied.,0,0.0
2026-10-02,Sarnia,Ontario,CA,Baseline,0.0,0.0,0.0,No weather hub in marketing snapshot; Baseline applied.,0,0.0
2026-10-02,Sault Ste. Marie,Ontario,CA,Baseline,0.0,0.0,0.0,No weather hub in marketing snapshot; Baseline applied.,0,0.0
2026-10-02,Scarborough,Ontario,CA,Baseline,0.0,0.0,0.0,No weather hub in marketing snapshot; Baseline applied.,0,0.0
2026-10-02,Sharbot Lake,Ontario,CA,Baseline,0.0,0.0,0.0,No weather hub in marketing snapshot; Baseline applied.,0,0.0
2026-10-02,Smithville,Ontario,CA,Baseline,0.0,0.0,0.0,No weather hub in marketing snapshot; Baseline applied.,0,0.0
2026-10-02,Southwold,Ontario,CA,Baseline,0.0,0.0,0.0,No weather hub in marketing snapshot; Baseline applied.,0,0.0
2026-10-02,St Catharines,Ontario,CA,Baseline,0.0,0.0,0.0,No weather hub in marketing snapshot; Baseline applied.,0,0.0
2026-10-02,Stevensville,Ontario,CA,Baseline,0.0,0.0,0.0,No weather hub in marketing snapshot; Baseline applied.,0,0.0
2026-10-02,Stoney Creek,Ontario,CA,Baseline,0.0,0.0,0.0,No weather hub in marketing snapshot; Baseline applied.,0,0.0
2026-10-02,Stouffville,Ontario,CA,Baseline,0.0,0.0,0.0,No weather hub in marketing snapshot; Baseline applied.,0,0.0
2026-10-02,Stratford,Ontario,CA,Baseline,0.0,0.0,0.0,No weather hub in marketing snapshot; Baseline applied.,0,0.0
2026-10-02,Sutton West,Ontario,CA,Baseline,0.0,0.0,0.0,No weather hub in marketing snapshot; Baseline applied.,0,0.0
2026-10-02,Thornbury,Ontario,CA,Baseline,0.0,0.0,0.0,No weather hub in marketing snapshot; Baseline applied.,0,0.0
2026-10-02,Thornhill,Ontario,CA,Baseline,0.0,0.0,0.0,No weather hub in marketing snapshot; Baseline applied.,0,0.0
2026-10-02,Thornton,Ontario,CA,Baseline,0.0,0.0,0.0,No weather hub in marketing snapshot; Baseline applied.,0,0.0
2026-10-02,Thorold,Ontario,CA,Baseline,0.0,0.0,0.0,No weather hub in marketing snapshot; Baseline applied.,0,0.0
2026-10-02,Thunder Bay,Ontario,CA,Baseline,0.0,0.0,0.0,No weather hub in marketing snapshot; Baseline applied.,0,0.0
2026-10-02,Tiny,Ontario,CA,Baseline,0.0,0.0,0.0,No weather hub in marketing snapshot; Baseline applied.,0,0.0
2026-10-02,Toronto,Ontario,CA,Baseline,0.0,0.055,0.0,Region CA: Open-Meteo forecast + archive (NWS not used) | Next-24h precip (Open-Meteo 24h model) 0.000 in (umbrella threshold 0.20 in; heavy 0.50 in) | Previous-24h rain (Open-Meteo archive) 0.055 in (residual threshold 0.50 in) | Daily max UV (Open-Meteo) 0.0 (threshold 8) | No marketing threshold met.,2,36.67
2026-10-02,Uxbridge,Ontario,CA,Baseline,0.0,0.0,0.0,No weather hub in marketing snapshot; Baseline applied.,0,0.0
2026-10-02,Vaughan,Ontario,CA,Baseline,0.0,0.0,0.0,No weather hub in marketing snapshot; Baseline applied.,0,0.0
2026-10-02,Wahnapitae,Ontario,CA,Baseline,0.0,0.0,0.0,No weather hub in marketing snapshot; Baseline applied.,0,0.0
2026-10-02,Wasaga Beach,Ontario,CA,Baseline,0.0,0.0,0.0,No weather hub in marketing snapshot; Baseline applied.,0,0.0
2026-10-02,Waterford,Ontario,CA,Baseline,0.0,0.0,0.0,No weather hub in marketing snapshot; Baseline applied.,0,0.0
2026-10-02,Waterloo,Ontario,CA,Baseline,0.0,0.0,0.0,No weather hub in marketing snapshot; Baseline applied.,0,0.0
2026-10-02,Welland,Ontario,CA,Baseline,0.0,0.0,0.0,No weather hub in marketing snapshot; Baseline applied.,0,0.0
2026-10-02,Whitby,Ontario,CA,Baseline,0.0,0.0,0.0,No weather hub in marketing snapshot; Baseline applied.,0,0.0
2026-10-02,Whitchurch-Stouffville,Ontario,CA,Baseline,0.0,0.0,0.0,No weather hub in marketing snapshot; Baseline applied.,0,0.0
2026-10-02,Windsor,Ontario,CA,Baseline,0.0,0.0,0.0,No weather hub in marketing snapshot; Baseline applied.,0,0.0
2026-10-02,Woodbridge,Ontario,CA,Baseline,0.0,0.0,0.0,No weather hub in marketing snapshot; Baseline applied.,0,0.0
2026-10-02,Woodstock,Ontario,CA,Baseline,0.0,0.0,0.0,No weather hub in marketing snapshot; Baseline applied.,0,0.0
2026-10-02,Wyoming,Ontario,CA,Baseline,0.0,0.0,0.0,No weather hub in marketing snapshot; Baseline applied.,0,0.0
2026-10-02,York,Ontario,CA,Baseline,0.0,0.0,0.0,No weather hub in marketing snapshot; Baseline applied.,0,0.0
2026-10-02,Amos,Quebec,CA,Baseline,0.0,0.0,0.0,No weather hub in marketing snapshot; Baseline applied.,0,0.0
2026-10-02,Beaconsfield,Quebec,CA,Baseline,0.0,0.0,0.0,No weather hub in marketing snapshot; Baseline applied.,0,0.0
2026-10-02,Blainville,Quebec,CA,Baseline,0.0,0.047,3.3,Region CA: Open-Meteo forecast + archive (NWS not used) | Next-24h precip (Open-Meteo 24h model) 0.000 in (umbrella threshold 0.20 in; heavy 0.50 in) | Previous-24h rain (Open-Meteo archive) 0.047 in (residual threshold 0.50 in) | Daily max UV (Open-Meteo) 3.3 (threshold 8) | No marketing threshold met.,0,0.81
2026-10-02,Boucherville,Quebec,CA,Baseline,0.0,0.0,0.0,No weather hub in marketing snapshot; Baseline applied.,0,0.0
2026-10-02,Brossard,Quebec,CA,Baseline,0.0,0.126,3.4,Region CA: Open-Meteo forecast + archive (NWS not used) | Next-24h precip (Open-Meteo 24h model) 0.000 in (umbrella threshold 0.20 in; heavy 0.50 in) | Previous-24h rain (Open-Meteo archive) 0.126 in (residual threshold 0.50 in) | Daily max UV (Open-Meteo) 3.4 (threshold 8) | No marketing threshold met.,0,0.58
2026-10-02,Candiac,Quebec,CA,Baseline,0.0,0.0,0.0,No weather hub in marketing snapshot; Baseline applied.,0,0.0
2026-10-02,Chateauguay,Quebec,CA,Baseline,0.0,0.0,0.0,No weather hub in marketing snapshot; Baseline applied.,0,0.0
2026-10-02,Cote Saint-Luc,Quebec,CA,Baseline,0.0,0.0,0.0,No weather hub in marketing snapshot; Baseline applied.,0,0.0
2026-10-02,Cote-Saint-Luc,Quebec,CA,Baseline,0.0,0.067,3.35,Region CA: Open-Meteo forecast + archive (NWS not used) | Next-24h precip (Open-Meteo 24h model) 0.000 in (umbrella threshold 0.20 in; heavy 0.50 in) | Previous-24h rain (Open-Meteo archive) 0.067 in (residual threshold 0.50 in) | Daily max UV (Open-Meteo) 3.4 (threshold 8) | No marketing threshold met.,0,0.49
2026-10-02,Cowansville,Quebec,CA,Baseline,0.0,0.0,0.0,No weather hub in marketing snapshot; Baseline applied.,0,0.0
2026-10-02,Dollard-Des-Ormeaux,Quebec,CA,Baseline,0.0,0.0,0.0,No weather hub in marketing snapshot; Baseline applied.,0,0.0
2026-10-02,Dorval,Quebec,CA,Baseline,0.0,0.039,3.35,Region CA: Open-Meteo forecast + archive (NWS not used) | Next-24h precip (Open-Meteo 24h model) 0.000 in (umbrella threshold 0.20 in; heavy 0.50 in) | Previous-24h rain (Open-Meteo archive) 0.039 in (residual threshold 0.50 in) | Daily max UV (Open-Meteo) 3.4 (threshold 8) | No marketing threshold met.,0,0.55
2026-10-02,Gatineau,Quebec,CA,Baseline,0.0,0.0,0.0,No weather hub in marketing snapshot; Baseline applied.,0,0.0
2026-10-02,Granby,Quebec,CA,Baseline,0.0,0.0,0.0,No weather hub in marketing snapshot; Baseline applied.,0,0.0
2026-10-02,Greenfield Park,Quebec,CA,Baseline,0.0,0.0,0.0,No weather hub in marketing snapshot; Baseline applied.,0,0.0
2026-10-02,Howick,Quebec,CA,Baseline,0.0,0.0,0.0,No weather hub in marketing snapshot; Baseline applied.,0,0.0
2026-10-02,Hudson,Quebec,CA,Baseline,0.0,0.0,0.0,No weather hub in marketing snapshot; Baseline applied.,0,0.0
2026-10-02,Jonquiere,Quebec,CA,Baseline,0.0,0.0,0.0,No weather hub in marketing snapshot; Baseline applied.,0,0.0
2026-10-02,Kahnawake,Quebec,CA,Baseline,0.0,0.0,0.0,No weather hub in marketing snapshot; Baseline applied.,0,0.0
2026-10-02,Kanesatake,Quebec,CA,Baseline,0.0,0.0,0.0,No weather hub in marketing snapshot; Baseline applied.,0,0.0
2026-10-02,Knowlton,Quebec,CA,Baseline,0.0,0.0,0.0,No weather hub in marketing snapshot; Baseline applied.,0,0.0
2026-10-02,Lachine,Quebec,CA,Baseline,0.0,0.0,0.0,No weather hub in marketing snapshot; Baseline applied.,0,0.0
2026-10-02,Lasalle,Quebec,CA,Baseline,0.0,0.0,0.0,No weather hub in marketing snapshot; Baseline applied.,0,0.0
2026-10-02,Laval,Quebec,CA,Baseline,0.0,0.0,0.0,No weather hub in marketing snapshot; Baseline applied.,0,0.0
2026-10-02,Lery,Quebec,CA,Baseline,0.0,0.0,0.0,No weather hub in marketing snapshot; Baseline applied.,0,0.0
2026-10-02,Levis,Quebec,CA,Baseline,0.0,0.0,0.0,No weather hub in marketing snapshot; Baseline applied.,0,0.0
2026-10-02,Longueuil,Quebec,CA,Baseline,0.0,0.0,0.0,No weather hub in marketing snapshot; Baseline applied.,0,0.0
2026-10-02,Mandeville,Quebec,CA,Baseline,0.0,0.0,0.0,No weather hub in marketing snapshot; Baseline applied.,0,0.0
2026-10-02,Matane,Quebec,CA,Baseline,0.0,0.0,0.0,No weather hub in marketing snapshot; Baseline applied.,0,0.0
2026-10-02,Mirabel,Quebec,CA,Baseline,0.0,0.0,0.0,No weather hub in marketing snapshot; Baseline applied.,0,0.0
2026-10-02,Mont-Royal,Quebec,CA,Baseline,0.0,0.0,0.0,No weather hub in marketing snapshot; Baseline applied.,0,0.0
2026-10-02,Montreal,Quebec,CA,Baseline,0.0,0.059,3.4,Region CA: Open-Meteo forecast + archive (NWS not used) | Next-24h precip (Open-Meteo 24h model) 0.000 in (umbrella threshold 0.20 in; heavy 0.50 in) | Previous-24h rain (Open-Meteo archive) 0.059 in (residual threshold 0.50 in) | Daily max UV (Open-Meteo) 3.4 (threshold 8) | No marketing threshold met.,0,7.27
2026-10-02,Montreal-Nord,Quebec,CA,Baseline,0.0,0.0,0.0,No weather hub in marketing snapshot; Baseline applied.,0,0.0
2026-10-02,Montréal,Quebec,CA,Baseline,0.0,0.0,0.0,No weather hub in marketing snapshot; Baseline applied.,0,0.0
2026-10-02,Outremont,Quebec,CA,Baseline,0.0,0.0,0.0,No weather hub in marketing snapshot; Baseline applied.,0,0.0
2026-10-02,Prevost,Quebec,CA,Baseline,0.0,0.0,0.0,No weather hub in marketing snapshot; Baseline applied.,0,0.0
2026-10-02,Quebec,Quebec,CA,Baseline,0.0,0.0,0.0,No weather hub in marketing snapshot; Baseline applied.,0,0.0
2026-10-02,Rimouski,Quebec,CA,Baseline,0.0,0.0,0.0,No weather hub in marketing snapshot; Baseline applied.,0,0.0
2026-10-02,Saint-Bruno,Quebec,CA,Baseline,0.0,0.0,0.0,No weather hub in marketing snapshot; Baseline applied.,0,0.0
2026-10-02,Saint-Calixte,Quebec,CA,Baseline,0.0,0.0,0.0,No weather hub in marketing snapshot; Baseline applied.,0,0.0
2026-10-02,Saint-Constant,Quebec,CA,Baseline,0.0,0.0,0.0,No weather hub in marketing snapshot; Baseline applied.,0,0.0
2026-10-02,Saint-Esprit,Quebec,CA,Baseline,0.0,0.0,0.0,No weather hub in marketing snapshot; Baseline applied.,0,0.0
2026-10-02,Saint-Gabriel-De-Valcartier,Quebec,CA,Baseline,0.0,0.0,0.0,No weather hub in marketing snapshot; Baseline applied.,0,0.0
2026-10-02,Saint-Hubert,Quebec,CA,Baseline,0.0,0.0,0.0,No weather hub in marketing snapshot; Baseline applied.,0,0.0
2026-10-02,Saint-Jean-Sur-Richelieu,Quebec,CA,Baseline,0.0,0.0,0.0,No weather hub in marketing snapshot; Baseline applied.,0,0.0
2026-10-02,Saint-Joseph-Du-Lac,Quebec,CA,Baseline,0.0,0.0,0.0,No weather hub in marketing snapshot; Baseline applied.,0,0.0
2026-10-02,Saint-Lambert,Quebec,CA,Baseline,0.0,0.0,0.0,No weather hub in marketing snapshot; Baseline applied.,0,0.0
2026-10-02,Saint-Laurent,Quebec,CA,Baseline,0.0,0.0,0.0,No weather hub in marketing snapshot; Baseline applied.,0,0.0
2026-10-02,Saint-Leonard,Quebec,CA,Baseline,0.0,0.0,0.0,No weather hub in marketing snapshot; Baseline applied.,0,0.0
2026-10-02,Saint-Simon-De-Rimouski,Quebec,CA,Baseline,0.0,0.0,0.0,No weather hub in marketing snapshot; Baseline applied.,0,0.0
2026-10-02,Saint-Zotique,Quebec,CA,Baseline,0.0,0.0,0.0,No weather hub in marketing snapshot; Baseline applied.,0,0.0
2026-10-02,Sainte Catherine,Quebec,CA,Baseline,0.0,0.0,0.0,No weather hub in marketing snapshot; Baseline applied.,0,0.0
2026-10-02,Sainte-Agathe-Des-Monts,Quebec,CA,Baseline,0.0,0.0,0.0,No weather hub in marketing snapshot; Baseline applied.,0,0.0
2026-10-02,Sainte-Genevieve,Quebec,CA,Baseline,0.0,0.0,0.0,No weather hub in marketing snapshot; Baseline applied.,0,0.0
2026-10-02,Salaberry-De-Valleyfield,Quebec,CA,Baseline,0.0,0.0,0.0,No weather hub in marketing snapshot; Baseline applied.,0,0.0
2026-10-02,Sherbrooke,Quebec,CA,Baseline,0.0,0.0,0.0,No weather hub in marketing snapshot; Baseline applied.,0,0.0
2026-10-02,St-Amable,Quebec,CA,Baseline,0.0,0.0,0.0,No weather hub in marketing snapshot; Baseline applied.,0,0.0
2026-10-02,St-Eustache,Quebec,CA,Baseline,0.0,0.0,0.0,No weather hub in marketing snapshot; Baseline applied.,0,0.0
2026-10-02,St-Ignace De Stanbridge,Quebec,CA,Baseline,0.0,0.0,0.0,No weather hub in marketing snapshot; Baseline applied.,0,0.0
2026-10-02,St-Jean-Sur-Richelieu,Quebec,CA,Baseline,0.0,0.0,0.0,No weather hub in marketing snapshot; Baseline applied.,0,0.0
2026-10-02,Stoneham-Et-Tewkesbury,Quebec,CA,Baseline,0.0,0.0,0.0,No weather hub in marketing snapshot; Baseline applied.,0,0.0
2026-10-02,Sutton,Quebec,CA,Baseline,0.0,0.0,0.0,No weather hub in marketing snapshot; Baseline applied.,0,0.0
2026-10-02,Vaudreuil-Dorion,Quebec,CA,Baseline,0.0,0.0,0.0,No weather hub in marketing snapshot; Baseline applied.,0,0.0
2026-10-02,Verdun,Quebec,CA,Baseline,0.0,0.0,0.0,No weather hub in marketing snapshot; Baseline applied.,0,0.0
2026-10-02,Westmount,Quebec,CA,Baseline,0.0,0.0,0.0,No weather hub in marketing snapshot; Baseline applied.,0,0.0
2026-10-02,Regina,Saskatchewan,CA,Baseline,0.0,0.0,3.05,Region CA: Open-Meteo forecast + archive (NWS not used) | Next-24h precip (Open-Meteo 24h model) 0.000 in (umbrella threshold 0.20 in; heavy 0.50 in) | Previous-24h rain (Open-Meteo archive) 0.000 in (residual threshold 0.50 in) | Daily max UV (Open-Meteo) 3.0 (threshold 8) | No marketing threshold met.,0,0.27
2026-10-02,Saskatoon,Saskatchewan,CA,Baseline,0.0,0.0,3.45,Region CA: Open-Meteo forecast + archive (NWS not used) | Next-24h precip (Open-Meteo 24h model) 0.000 in (umbrella threshold 0.20 in; heavy 0.50 in) | Previous-24h rain (Open-Meteo archive) 0.000 in (residual threshold 0.50 in) | Daily max UV (Open-Meteo) 3.5 (threshold 8) | No marketing threshold met.,0,1.26
2026-10-02,Yellow Grass,Saskatchewan,CA,Baseline,0.0,0.0,3.4,Region CA: Open-Meteo forecast + archive (NWS not used) | Next-24h precip (Open-Meteo 24h model) 0.000 in (umbrella threshold 0.20 in; heavy 0.50 in) | Previous-24h rain (Open-Meteo archive) 0.000 in (residual threshold 0.50 in) | Daily max UV (Open-Meteo) 3.4 (threshold 8) | No marketing threshold met.,0,0.33
